Cum GPA,TEAS Count,MaxOfTestScore,failing grade count,Time to Test (days),Completion Time (days),PrecEducDesc,Grade,GradePass,HighSchool,Assoc,Bach,Masters
2.84,1.0,76.0,0,209.0,591.0,High School/GED/Some College,Pass,1.0,1.0,0.0,0.0,0.0
3.14,1.0,74.7,0,73.0,467.0,High School/GED/Some College,Pass,1.0,1.0,0.0,0.0,0.0
3.22,1.0,75.3,0,84.51,578.0,High School/GED/Some College,Pass,1.0,1.0,0.0,0.0,0.0
3.29,2.0,77.3,0,60.0,591.0,High School/GED/Some College,Fail,0.0,1.0,0.0,0.0,0.0
3.38,2.0,72.7,0,80.33,600.0,Associates,Pass,1.0,0.0,1.0,0.0,0.0
3.2,1.0,74.0,0,66.49,466.0,High School/GED/Some College,Pass,1.0,1.0,0.0,0.0,0.0
2.95,2.0,68.7,0,52.34,466.0,High School/GED/Some College,Pass,1.0,1.0,0.0,0.0,0.0
2.84,2.0,72.7,0,40.52,704.0,High School/GED/Some College,Pass,1.0,1.0,0.0,0.0,0.0
2.78,2.0,74.0,0,369.0,465.0,High School/GED/Some College,Fail,0.0,1.0,0.0,0.0,0.0
2.79,3.0,74.0,0,116.0,591.0,High School/GED/Some College,Fail,0.0,1.0,0.0,0.0,0.0
2.81,1.0,68.7,0,83.0,593.0,High School/GED/Some College,Pass,1.0,1.0,0.0,0.0,0.0
2.71,5.0,66.0,0,80.33,711.0,High School/GED/Some College,Pass,1.0,1.0,0.0,0.0,0.0
2.6,2.0,68.7,0,87.0,592.0,High School/GED/Some College,Pass,1.0,1.0,0.0,0.0,0.0
2.67,1.0,51.8,0,257.59,592.0,High School/GED/Some College,Pass,1.0,1.0,0.0,0.0,0.0
3.27,2.0,68.7,1,124.58,578.0,Associates,Fail,0.0,0.0,1.0,0.0,0.0
2.76,2.0,73.3,0,158.0,460.0,High School/GED/Some College,Fail,0.0,1.0,0.0,0.0,0.0
2.63,1.0,75.3,1,106.33,591.0,High School/GED/Some College,Fail,0.0,1.0,0.0,0.0,0.0
3.26,1.0,75.3,3,122.0,1326.0,High School/GED/Some College,Pass,1.0,1.0,0.0,0.0,0.0
2.74,1.0,76.0,0,304.0,586.0,High School/GED/Some College,Pass,1.0,1.0,0.0,0.0,0.0
2.98,2.0,73.3,0,88.0,591.0,High School/GED/Some College,Fail,0.0,1.0,0.0,0.0,0.0
2.81,1.0,73.3,0,83.0,591.0,High School/GED/Some College,Pass,1.0,1.0,0.0,0.0,0.0
3.21,1.0,76.0,0,58.0,481.0,High School/GED/Some College,Pass,1.0,1.0,0.0,0.0,0.0
3.29,1.0,81.3,0,80.0,467.0,High School/GED/Some College,Pass,1.0,1.0,0.0,0.0,0.0
3.28,2.0,68.0,0,103.0,593.0,High School/GED/Some College,Pass,1.0,1.0,0.0,0.0,0.0
3.14,1.0,70.7,0,111.0,600.0,High School/GED/Some College,Pass,1.0,1.0,0.0,0.0,0.0
2.55,1.0,71.3,0,242.34,599.0,Bachelors,Fail,0.0,0.0,0.0,1.0,0.0
3.36,1.0,70.7,0,59.34,599.0,High School/GED/Some College,Pass,1.0,1.0,0.0,0.0,0.0
3.22,1.0,74.7,0,118.0,474.0,High School/GED/Some College,Pass,1.0,1.0,0.0,0.0,0.0
3.43,3.0,68.0,0,54.58,466.0,High School/GED/Some College,Pass,1.0,1.0,0.0,0.0,0.0
3.81,2.0,70.7,0,139.0,591.0,High School/GED/Some College,Pass,1.0,1.0,0.0,0.0,0.0
3.33,1.0,80.7,0,62.59,578.0,High School/GED/Some College,Pass,1.0,1.0,0.0,0.0,0.0
3.56,1.0,82.7,0,41.33,599.0,Bachelors,Pass,1.0,0.0,0.0,1.0,0.0
2.84,5.0,71.3,0,307.0,578.0,High School/GED/Some College,Fail,0.0,1.0,0.0,0.0,0.0
3.19,3.0,72.0,0,83.56,466.0,High School/GED/Some College,Pass,1.0,1.0,0.0,0.0,0.0
3.86,1.0,82.0,0,41.34,599.0,Bachelors,Pass,1.0,0.0,0.0,1.0,0.0
2.7,1.0,80.7,2,109.34,711.0,Bachelors,Pass,1.0,0.0,0.0,1.0,0.0
3.17,2.0,72.7,0,96.36,578.0,High School/GED/Some College,Pass,1.0,1.0,0.0,0.0,0.0
2.91,1.0,68.0,0,52.32,591.0,High School/GED/Some College,Fail,0.0,1.0,0.0,0.0,0.0
3.12,2.0,68.0,0,287.0,592.0,High School/GED/Some College,Fail,0.0,1.0,0.0,0.0,0.0
3.5,1.0,76.7,0,53.33,578.0,High School/GED/Some College,Pass,1.0,1.0,0.0,0.0,0.0
2.83,2.0,74.7,0,123.48,592.0,High School/GED/Some College,Pass,1.0,1.0,0.0,0.0,0.0
3.4,1.0,68.0,0,69.54,578.0,Associates,Pass,1.0,0.0,1.0,0.0,0.0
3.48,1.0,68.7,0,60.0,466.0,High School/GED/Some College,Pass,1.0,1.0,0.0,0.0,0.0
3.43,1.0,78.0,0,68.0,466.0,High School/GED/Some College,Pass,1.0,1.0,0.0,0.0,0.0
2.91,2.0,68.0,1,49.35,473.0,High School/GED/Some College,Fail,0.0,1.0,0.0,0.0,0.0
3.66,2.0,84.0,0,48.0,592.0,High School/GED/Some College,Pass,1.0,1.0,0.0,0.0,0.0
3.28,3.0,86.0,0,124.0,591.0,High School/GED/Some College,Fail,0.0,1.0,0.0,0.0,0.0
3.22,1.0,76.0,1,125.52,836.0,Associates,Fail,0.0,0.0,1.0,0.0,0.0
2.57,3.0,70.0,0,75.34,473.0,High School/GED/Some College,Pass,1.0,1.0,0.0,0.0,0.0
3.03,1.0,88.0,0,61.07,585.0,High School/GED/Some College,Pass,1.0,1.0,0.0,0.0,0.0
3.22,1.0,68.7,0,82.32,599.0,Associates,Pass,1.0,0.0,1.0,0.0,0.0
3.28,1.0,86.0,0,50.38,578.0,Bachelors,Pass,1.0,0.0,0.0,1.0,0.0
3.0,1.0,72.7,0,96.0,586.0,High School/GED/Some College,Pass,1.0,1.0,0.0,0.0,0.0
3.34,2.0,82.0,0,69.58,465.0,High School/GED/Some College,Pass,1.0,1.0,0.0,0.0,0.0
3.52,1.0,71.3,0,124.0,591.0,High School/GED/Some College,Fail,0.0,1.0,0.0,0.0,0.0
2.92,2.0,60.7,1,111.32,704.0,High School/GED/Some College,Fail,0.0,1.0,0.0,0.0,0.0
3.4,1.0,71.3,0,87.0,474.0,High School/GED/Some College,Pass,1.0,1.0,0.0,0.0,0.0
3.5,2.0,81.3,0,85.39,591.0,High School/GED/Some College,Pass,1.0,1.0,0.0,0.0,0.0
3.02,4.0,76.0,0,153.35,599.0,Associates,Pass,1.0,0.0,1.0,0.0,0.0
3.24,2.0,75.3,0,41.34,466.0,Bachelors,Pass,1.0,0.0,0.0,1.0,0.0
3.21,2.0,68.7,0,74.0,591.0,High School/GED/Some College,Pass,1.0,1.0,0.0,0.0,0.0
3.45,1.0,78.0,0,41.0,586.0,High School/GED/Some College,Pass,1.0,1.0,0.0,0.0,0.0
2.55,1.0,78.7,1,381.34,466.0,Bachelors,Pass,1.0,0.0,0.0,1.0,0.0
3.14,2.0,76.0,0,61.08,591.0,High School/GED/Some College,Fail,0.0,1.0,0.0,0.0,0.0
2.71,1.0,76.7,0,95.5,473.0,Associates,Pass,1.0,0.0,1.0,0.0,0.0
2.66,1.0,70.0,0,67.33,591.0,High School/GED/Some College,Fail,0.0,1.0,0.0,0.0,0.0
3.41,1.0,81.3,3,68.34,578.0,High School/GED/Some College,Pass,1.0,1.0,0.0,0.0,0.0
3.02,1.0,64.0,0,46.58,586.0,High School/GED/Some College,Pass,1.0,1.0,0.0,0.0,0.0
3.16,1.0,70.7,0,36.34,473.0,Associates,Pass,1.0,0.0,1.0,0.0,0.0
3.38,1.0,84.0,0,59.59,592.0,High School/GED/Some College,Pass,1.0,1.0,0.0,0.0,0.0
3.29,1.0,70.7,0,117.41,465.0,High School/GED/Some College,Pass,1.0,1.0,0.0,0.0,0.0
3.07,3.0,70.7,0,109.61,592.0,High School/GED/Some College,Pass,1.0,1.0,0.0,0.0,0.0
3.29,2.0,69.3,0,70.32,599.0,High School/GED/Some College,Pass,1.0,1.0,0.0,0.0,0.0
3.22,2.0,68.0,0,102.58,578.0,Associates,Pass,1.0,0.0,1.0,0.0,0.0
3.1,1.0,75.3,0,116.0,591.0,High School/GED/Some College,Fail,0.0,1.0,0.0,0.0,0.0
3.43,2.0,85.3,0,62.33,473.0,Bachelors,Pass,1.0,0.0,0.0,1.0,0.0
2.59,2.0,68.7,0,110.0,704.0,High School/GED/Some College,Fail,0.0,1.0,0.0,0.0,0.0
3.03,3.0,68.7,0,185.0,466.0,High School/GED/Some College,Pass,1.0,1.0,0.0,0.0,0.0
3.02,1.0,88.7,0,59.59,466.0,Bachelors,Pass,1.0,0.0,0.0,1.0,0.0
3.42,2.0,71.3,0,61.33,599.0,Bachelors,Pass,1.0,0.0,0.0,1.0,0.0
2.83,3.0,76.7,1,257.5,724.0,High School/GED/Some College,Fail,0.0,1.0,0.0,0.0,0.0
3.03,2.0,68.7,0,260.35,591.0,High School/GED/Some College,Pass,1.0,1.0,0.0,0.0,0.0
3.4,1.0,81.3,0,84.52,466.0,Bachelors,Pass,1.0,0.0,0.0,1.0,0.0
3.29,2.0,68.7,0,85.54,578.0,Bachelors,Fail,0.0,0.0,0.0,1.0,0.0
3.28,1.0,84.7,2,200.0,1200.0,High School/GED/Some College,Pass,1.0,1.0,0.0,0.0,0.0
3.14,2.0,70.7,2,571.59,705.0,High School/GED/Some College,Fail,0.0,1.0,0.0,0.0,0.0
3.6,1.0,74.0,0,107.0,593.0,High School/GED/Some College,Fail,0.0,1.0,0.0,0.0,0.0
2.93,3.0,82.7,0,536.35,838.0,Associates,Pass,1.0,0.0,1.0,0.0,0.0
3.0,1.0,79.3,1,253.0,830.0,High School/GED/Some College,Pass,1.0,1.0,0.0,0.0,0.0
2.84,1.0,68.7,2,188.38,599.0,Bachelors,Fail,0.0,0.0,0.0,1.0,0.0
2.48,3.0,78.7,0,81.0,593.0,High School/GED/Some College,Pass,1.0,1.0,0.0,0.0,0.0
3.6,1.0,80.0,0,56.33,466.0,Bachelors,Pass,1.0,0.0,0.0,1.0,0.0
4.0,1.0,88.0,0,35.33,473.0,Bachelors,Pass,1.0,0.0,0.0,1.0,0.0
2.88,1.0,74.0,1,90.33,578.0,Associates,Pass,1.0,0.0,1.0,0.0,0.0
2.9,3.0,72.0,0,101.34,599.0,Associates,Pass,1.0,0.0,1.0,0.0,0.0
3.47,1.0,76.7,0,33.0,586.0,High School/GED/Some College,Pass,1.0,1.0,0.0,0.0,0.0
2.79,2.0,67.3,1,162.54,704.0,Associates,Fail,0.0,0.0,1.0,0.0,0.0
2.89,2.0,78.7,0,117.48,599.0,High School/GED/Some College,Fail,0.0,1.0,0.0,0.0,0.0
3.41,1.0,76.0,0,584.0,473.0,Associates,Fail,0.0,0.0,1.0,0.0,0.0
2.62,1.0,73.3,0,74.0,591.0,High School/GED/Some College,Fail,0.0,1.0,0.0,0.0,0.0
3.29,1.0,70.0,0,35.0,460.0,High School/GED/Some College,Pass,1.0,1.0,0.0,0.0,0.0
2.78,1.0,73.3,0,329.46,591.0,High School/GED/Some College,Pass,1.0,1.0,0.0,0.0,0.0
3.38,1.0,75.3,0,70.34,578.0,High School/GED/Some College,Pass,1.0,1.0,0.0,0.0,0.0
2.83,2.0,74.0,0,111.34,466.0,High School/GED/Some College,Fail,0.0,1.0,0.0,0.0,0.0
3.02,4.0,72.0,0,76.58,578.0,Associates,Pass,1.0,0.0,1.0,0.0,0.0
2.78,2.0,61.3,0,474.0,591.0,High School/GED/Some College,Pass,1.0,1.0,0.0,0.0,0.0
2.64,1.0,75.3,2,104.51,711.0,Associates,Pass,1.0,0.0,1.0,0.0,0.0
3.31,2.0,76.7,2,53.58,711.0,High School/GED/Some College,Pass,1.0,1.0,0.0,0.0,0.0
3.34,2.0,77.3,0,53.0,591.0,High School/GED/Some College,Fail,0.0,1.0,0.0,0.0,0.0
3.64,1.0,78.0,0,57.5,599.0,High School/GED/Some College,Pass,1.0,1.0,0.0,0.0,0.0
3.03,1.0,88.7,0,59.58,599.0,High School/GED/Some College,Pass,1.0,1.0,0.0,0.0,0.0
3.07,1.0,78.7,1,269.32,726.0,High School/GED/Some College,Pass,1.0,1.0,0.0,0.0,0.0
2.9,2.0,72.0,1,214.49,599.0,Bachelors,Fail,0.0,0.0,0.0,1.0,0.0
2.93,4.0,62.7,1,158.57,837.0,High School/GED/Some College,Fail,0.0,1.0,0.0,0.0,0.0
3.02,2.0,70.7,0,123.51,592.0,Associates,Fail,0.0,0.0,1.0,0.0,0.0
3.1,1.0,68.7,0,62.34,473.0,Bachelors,Pass,1.0,0.0,0.0,1.0,0.0
3.31,1.0,66.7,0,59.0,467.0,High School/GED/Some College,Pass,1.0,1.0,0.0,0.0,0.0
2.95,3.0,73.3,0,124.0,586.0,High School/GED/Some College,Fail,0.0,1.0,0.0,0.0,0.0
3.93,1.0,80.7,0,41.0,593.0,High School/GED/Some College,Pass,1.0,1.0,0.0,0.0,0.0
2.91,2.0,71.3,1,195.0,963.0,High School/GED/Some College,Fail,0.0,1.0,0.0,0.0,0.0
3.31,1.0,68.7,0,67.57,599.0,Associates,Pass,1.0,0.0,1.0,0.0,0.0
3.34,1.0,73.3,0,66.48,466.0,High School/GED/Some College,Pass,1.0,1.0,0.0,0.0,0.0
2.87,1.0,79.3,1,47.45,578.0,Bachelors,Pass,1.0,0.0,0.0,1.0,0.0
2.83,2.0,80.7,0,59.32,465.0,High School/GED/Some College,Fail,0.0,1.0,0.0,0.0,0.0
3.33,1.0,80.7,0,67.35,592.0,High School/GED/Some College,Pass,1.0,1.0,0.0,0.0,0.0
2.9,1.0,68.7,0,84.0,591.0,High School/GED/Some College,Pass,1.0,1.0,0.0,0.0,0.0
3.69,1.0,86.0,0,90.59,578.0,High School/GED/Some College,Pass,1.0,1.0,0.0,0.0,0.0
3.1,1.0,78.7,0,45.32,599.0,High School/GED/Some College,Fail,0.0,1.0,0.0,0.0,0.0
2.74,2.0,66.7,0,165.33,465.0,High School/GED/Some College,Fail,0.0,1.0,0.0,0.0,0.0
2.72,1.0,71.3,0,95.32,473.0,High School/GED/Some College,Pass,1.0,1.0,0.0,0.0,0.0
2.98,1.0,78.7,0,144.56,466.0,High School/GED/Some College,Pass,1.0,1.0,0.0,0.0,0.0
3.36,2.0,67.3,0,52.32,599.0,High School/GED/Some College,Pass,1.0,1.0,0.0,0.0,0.0
3.05,1.0,72.0,0,53.32,578.0,High School/GED/Some College,Fail,0.0,1.0,0.0,0.0,0.0
3.34,1.0,73.3,0,49.32,466.0,High School/GED/Some College,Pass,1.0,1.0,0.0,0.0,0.0
2.93,2.0,65.3,0,146.49,473.0,High School/GED/Some College,Pass,1.0,1.0,0.0,0.0,0.0
2.53,3.0,69.3,2,116.0,704.0,High School/GED/Some College,Pass,1.0,1.0,0.0,0.0,0.0
2.91,1.0,71.3,0,81.0,591.0,High School/GED/Some College,Fail,0.0,1.0,0.0,0.0,0.0
3.1,1.0,76.7,0,103.53,473.0,High School/GED/Some College,Fail,0.0,1.0,0.0,0.0,0.0
2.91,1.0,78.0,0,60.33,473.0,High School/GED/Some College,Pass,1.0,1.0,0.0,0.0,0.0
3.84,1.0,88.0,0,69.58,473.0,High School/GED/Some College,Pass,1.0,1.0,0.0,0.0,0.0
2.55,1.0,78.0,2,108.34,711.0,High School/GED/Some College,Pass,1.0,1.0,0.0,0.0,0.0
2.76,1.0,68.7,1,272.34,606.0,Associates,Pass,1.0,0.0,1.0,0.0,0.0
2.53,1.0,66.0,0,68.0,586.0,High School/GED/Some College,Fail,0.0,1.0,0.0,0.0,0.0
2.84,2.0,74.0,0,68.32,578.0,Bachelors,Pass,1.0,0.0,0.0,1.0,0.0
3.55,1.0,82.0,0,59.33,591.0,High School/GED/Some College,Pass,1.0,1.0,0.0,0.0,0.0
3.43,1.0,79.3,0,55.0,466.0,High School/GED/Some College,Pass,1.0,1.0,0.0,0.0,0.0
2.75,1.0,68.7,1,186.45,717.0,High School/GED/Some College,Pass,1.0,1.0,0.0,0.0,0.0
3.45,1.0,77.3,1,27.54,717.0,High School/GED/Some College,Pass,1.0,1.0,0.0,0.0,0.0
3.17,2.0,72.7,1,140.34,599.0,High School/GED/Some College,Pass,1.0,1.0,0.0,0.0,0.0
3.22,2.0,66.7,0,49.33,473.0,High School/GED/Some College,Pass,1.0,1.0,0.0,0.0,0.0
3.62,1.0,86.0,0,105.33,578.0,Masters,Pass,1.0,0.0,0.0,0.0,1.0
3.91,1.0,76.0,0,53.32,465.0,High School/GED/Some College,Pass,1.0,1.0,0.0,0.0,0.0
2.78,3.0,69.3,1,116.0,704.0,High School/GED/Some College,Pass,1.0,1.0,0.0,0.0,0.0
3.12,1.0,73.3,0,60.33,578.0,High School/GED/Some College,Pass,1.0,1.0,0.0,0.0,0.0
2.78,2.0,63.3,0,80.32,599.0,Bachelors,Fail,0.0,0.0,0.0,1.0,0.0
2.74,1.0,68.0,0,56.34,466.0,High School/GED/Some College,Pass,1.0,1.0,0.0,0.0,0.0
3.45,1.0,70.7,0,80.0,593.0,Associates,Fail,0.0,0.0,1.0,0.0,0.0
3.1,5.0,72.7,0,81.45,578.0,High School/GED/Some College,Pass,1.0,1.0,0.0,0.0,0.0
2.81,2.0,67.3,0,179.0,712.0,Associates,Pass,1.0,0.0,1.0,0.0,0.0
3.4,1.0,71.3,0,59.34,472.0,High School/GED/Some College,Pass,1.0,1.0,0.0,0.0,0.0
3.51,1.0,75.3,0,41.33,599.0,High School/GED/Some College,Pass,1.0,1.0,0.0,0.0,0.0
3.17,2.0,78.7,0,110.0,600.0,Associates,Pass,1.0,0.0,1.0,0.0,0.0
3.0,4.0,68.7,0,144.51,592.0,High School/GED/Some College,Fail,0.0,1.0,0.0,0.0,0.0
2.57,2.0,71.3,3,125.34,704.0,High School/GED/Some College,Fail,0.0,1.0,0.0,0.0,0.0
2.88,1.0,76.0,0,83.58,599.0,Associates,Pass,1.0,0.0,1.0,0.0,0.0
2.84,2.0,71.3,1,117.45,704.0,High School/GED/Some College,Pass,1.0,1.0,0.0,0.0,0.0
3.08,2.0,67.3,0,130.33,599.0,High School/GED/Some College,Fail,0.0,1.0,0.0,0.0,0.0
3.03,1.0,67.3,0,56.56,473.0,Bachelors,Pass,1.0,0.0,0.0,1.0,0.0
3.26,3.0,75.3,0,67.0,466.0,High School/GED/Some College,Fail,0.0,1.0,0.0,0.0,0.0
3.43,1.0,85.3,0,41.48,599.0,Bachelors,Pass,1.0,0.0,0.0,1.0,0.0
2.73,3.0,72.7,1,244.44,592.0,High School/GED/Some College,Pass,1.0,1.0,0.0,0.0,0.0
3.5,1.0,74.0,0,71.57,578.0,Bachelors,Pass,1.0,0.0,0.0,1.0,0.0
3.34,1.0,77.3,0,49.32,473.0,High School/GED/Some College,Pass,1.0,1.0,0.0,0.0,0.0
3.47,2.0,69.3,0,49.58,592.0,Bachelors,Pass,1.0,0.0,0.0,1.0,0.0
2.94,1.0,70.7,0,55.32,472.0,High School/GED/Some College,Fail,0.0,1.0,0.0,0.0,0.0
3.33,1.0,88.0,0,53.32,473.0,High School/GED/Some College,Pass,1.0,1.0,0.0,0.0,0.0
3.21,1.0,82.0,0,67.34,473.0,High School/GED/Some College,Pass,1.0,1.0,0.0,0.0,0.0
2.85,2.0,68.0,1,106.34,704.0,High School/GED/Some College,Pass,1.0,1.0,0.0,0.0,0.0
2.97,1.0,70.7,0,53.58,578.0,Bachelors,Fail,0.0,0.0,0.0,1.0,0.0
3.36,1.0,76.0,0,54.54,473.0,High School/GED/Some College,Pass,1.0,1.0,0.0,0.0,0.0
2.62,2.0,72.7,0,112.34,465.0,High School/GED/Some College,Pass,1.0,1.0,0.0,0.0,0.0
2.67,5.0,72.0,1,106.49,599.0,High School/GED/Some College,Pass,1.0,1.0,0.0,0.0,0.0
3.91,1.0,90.7,0,155.0,591.0,Masters,Pass,1.0,0.0,0.0,0.0,1.0
2.84,1.0,76.0,0,286.33,466.0,Bachelors,Fail,0.0,0.0,0.0,1.0,0.0
2.76,1.0,68.7,0,73.0,586.0,High School/GED/Some College,Fail,0.0,1.0,0.0,0.0,0.0
3.62,1.0,84.0,0,68.32,465.0,High School/GED/Some College,Pass,1.0,1.0,0.0,0.0,0.0
2.92,1.0,72.7,1,41.33,591.0,High School/GED/Some College,Fail,0.0,1.0,0.0,0.0,0.0
2.98,1.0,84.7,2,48.34,711.0,Bachelors,Pass,1.0,0.0,0.0,1.0,0.0
2.84,2.0,78.7,0,56.0,466.0,High School/GED/Some College,Pass,1.0,1.0,0.0,0.0,0.0
3.41,1.0,80.7,0,71.58,465.0,High School/GED/Some College,Pass,1.0,1.0,0.0,0.0,0.0
2.84,1.0,82.0,0,361.56,592.0,High School/GED/Some College,Fail,0.0,1.0,0.0,0.0,0.0
3.78,1.0,95.3,0,27.51,466.0,Bachelors,Pass,1.0,0.0,0.0,1.0,0.0
2.67,1.0,92.7,0,136.47,473.0,Bachelors,Pass,1.0,0.0,0.0,1.0,0.0
3.07,1.0,80.7,0,56.56,578.0,Associates,Pass,1.0,0.0,1.0,0.0,0.0
3.14,1.0,70.7,0,106.52,725.0,High School/GED/Some College,Fail,0.0,1.0,0.0,0.0,0.0
3.45,1.0,82.7,0,61.59,466.0,Bachelors,Pass,1.0,0.0,0.0,1.0,0.0
2.78,6.0,68.0,0,112.0,593.0,High School/GED/Some College,Pass,1.0,1.0,0.0,0.0,0.0
3.12,1.0,83.3,1,82.56,599.0,High School/GED/Some College,Pass,1.0,1.0,0.0,0.0,0.0
3.26,3.0,71.3,0,62.58,466.0,High School/GED/Some College,Pass,1.0,1.0,0.0,0.0,0.0
3.26,1.0,76.0,0,63.32,473.0,High School/GED/Some College,Pass,1.0,1.0,0.0,0.0,0.0
3.22,2.0,77.3,0,85.34,578.0,High School/GED/Some College,Pass,1.0,1.0,0.0,0.0,0.0
2.79,2.0,67.3,0,82.0,717.0,High School/GED/Some College,Pass,1.0,1.0,0.0,0.0,0.0
3.44,3.0,71.3,0,59.53,466.0,High School/GED/Some College,Fail,0.0,1.0,0.0,0.0,0.0
3.03,2.0,68.0,1,106.33,591.0,High School/GED/Some College,Fail,0.0,1.0,0.0,0.0,0.0
3.26,1.0,69.3,0,45.33,466.0,High School/GED/Some College,Fail,0.0,1.0,0.0,0.0,0.0
3.1,2.0,68.0,0,89.34,592.0,High School/GED/Some College,Pass,1.0,1.0,0.0,0.0,0.0
2.93,2.0,75.3,0,69.0,704.0,High School/GED/Some College,Fail,0.0,1.0,0.0,0.0,0.0
2.88,1.0,74.7,1,127.55,578.0,High School/GED/Some College,Pass,1.0,1.0,0.0,0.0,0.0
3.45,2.0,70.0,0,62.57,578.0,Bachelors,Pass,1.0,0.0,0.0,1.0,0.0
3.5,1.0,86.0,0,50.57,466.0,High School/GED/Some College,Pass,1.0,1.0,0.0,0.0,0.0
2.93,1.0,78.0,0,63.56,473.0,High School/GED/Some College,Pass,1.0,1.0,0.0,0.0,0.0
2.98,1.0,70.7,1,104.34,704.0,Bachelors,Fail,0.0,0.0,0.0,1.0,0.0
3.81,1.0,86.0,0,48.32,578.0,High School/GED/Some College,Pass,1.0,1.0,0.0,0.0,0.0
3.31,2.0,75.3,0,98.45,578.0,High School/GED/Some College,Pass,1.0,1.0,0.0,0.0,0.0
3.08,4.0,78.7,0,82.32,473.0,High School/GED/Some College,Pass,1.0,1.0,0.0,0.0,0.0
2.59,2.0,67.3,2,171.34,473.0,High School/GED/Some College,Pass,1.0,1.0,0.0,0.0,0.0
3.21,3.0,78.0,1,116.55,599.0,High School/GED/Some College,Pass,1.0,1.0,0.0,0.0,0.0
3.25,1.0,73.3,0,28.34,599.0,Bachelors,Pass,1.0,0.0,0.0,1.0,0.0
3.59,2.0,68.7,0,123.44,599.0,High School/GED/Some College,Pass,1.0,1.0,0.0,0.0,0.0
2.98,1.0,68.7,0,101.57,592.0,High School/GED/Some College,Pass,1.0,1.0,0.0,0.0,0.0
2.97,1.0,76.7,0,99.0,592.0,High School/GED/Some College,Pass,1.0,1.0,0.0,0.0,0.0
3.91,1.0,93.3,0,59.49,465.0,High School/GED/Some College,Pass,1.0,1.0,0.0,0.0,0.0
2.66,1.0,80.0,0,141.32,473.0,Bachelors,Pass,1.0,0.0,0.0,1.0,0.0
2.41,1.0,76.7,1,138.0,711.0,High School/GED/Some College,Fail,0.0,1.0,0.0,0.0,0.0
3.61,1.0,73.3,0,81.0,466.0,High School/GED/Some College,Pass,1.0,1.0,0.0,0.0,0.0
3.03,3.0,66.0,1,642.5,592.0,High School/GED/Some College,Fail,0.0,1.0,0.0,0.0,0.0
3.43,1.0,80.7,0,90.34,599.0,High School/GED/Some College,Pass,1.0,1.0,0.0,0.0,0.0
3.1,1.0,68.0,0,133.5,599.0,High School/GED/Some College,Fail,0.0,1.0,0.0,0.0,0.0
3.24,1.0,74.0,0,52.34,466.0,High School/GED/Some College,Pass,1.0,1.0,0.0,0.0,0.0
2.69,2.0,66.0,1,159.0,586.0,High School/GED/Some College,Pass,1.0,1.0,0.0,0.0,0.0
2.83,1.0,78.0,0,175.52,473.0,Bachelors,Pass,1.0,0.0,0.0,1.0,0.0
3.45,1.0,84.0,0,82.51,592.0,Bachelors,Pass,1.0,0.0,0.0,1.0,0.0
3.34,1.0,68.7,0,33.33,599.0,Bachelors,Pass,1.0,0.0,0.0,1.0,0.0
2.95,2.0,68.7,0,55.34,578.0,Associates,Fail,0.0,0.0,1.0,0.0,0.0
3.02,1.0,78.0,0,67.57,473.0,Bachelors,Pass,1.0,0.0,0.0,1.0,0.0
2.59,2.0,64.7,0,103.33,473.0,Bachelors,Fail,0.0,0.0,0.0,1.0,0.0
3.27,1.0,73.3,0,54.33,473.0,Bachelors,Pass,1.0,0.0,0.0,1.0,0.0
2.68,4.0,70.0,1,370.0,837.0,High School/GED/Some College,Fail,0.0,1.0,0.0,0.0,0.0
2.88,3.0,82.0,0,94.0,466.0,High School/GED/Some College,Fail,0.0,1.0,0.0,0.0,0.0
3.32,1.0,78.7,0,403.34,578.0,High School/GED/Some College,Pass,1.0,1.0,0.0,0.0,0.0
2.76,1.0,68.7,0,67.59,466.0,Bachelors,Pass,1.0,0.0,0.0,1.0,0.0
2.92,1.0,78.7,1,403.51,578.0,High School/GED/Some College,Fail,0.0,1.0,0.0,0.0,0.0
3.02,1.0,68.7,0,52.32,599.0,High School/GED/Some College,Pass,1.0,1.0,0.0,0.0,0.0
2.72,1.0,69.3,1,465.48,578.0,High School/GED/Some College,Fail,0.0,1.0,0.0,0.0,0.0
3.1,1.0,69.3,0,117.0,460.0,High School/GED/Some College,Fail,0.0,1.0,0.0,0.0,0.0
3.19,1.0,70.0,0,54.57,466.0,High School/GED/Some College,Pass,1.0,1.0,0.0,0.0,0.0
2.95,1.0,80.7,1,124.5,578.0,High School/GED/Some College,Pass,1.0,1.0,0.0,0.0,0.0
2.97,1.0,82.7,0,40.31,473.0,Bachelors,Pass,1.0,0.0,0.0,1.0,0.0
3.16,1.0,87.3,0,46.33,473.0,Bachelors,Pass,1.0,0.0,0.0,1.0,0.0
3.39,1.0,89.3,0,83.53,473.0,Bachelors,Pass,1.0,0.0,0.0,1.0,0.0
3.0,2.0,68.7,0,49.56,599.0,High School/GED/Some College,Fail,0.0,1.0,0.0,0.0,0.0
2.7,2.0,77.1,0,153.33,473.0,High School/GED/Some College,Pass,1.0,1.0,0.0,0.0,0.0
2.91,2.0,75.3,0,81.42,465.0,High School/GED/Some College,Pass,1.0,1.0,0.0,0.0,0.0
3.0,2.0,77.3,0,45.32,599.0,Bachelors,Pass,1.0,0.0,0.0,1.0,0.0
3.12,1.0,79.3,0,60.59,473.0,High School/GED/Some College,Pass,1.0,1.0,0.0,0.0,0.0
2.79,1.0,78.7,0,125.41,466.0,High School/GED/Some College,Fail,0.0,1.0,0.0,0.0,0.0
3.66,1.0,92.7,0,32.52,466.0,Bachelors,Pass,1.0,0.0,0.0,1.0,0.0
3.34,2.0,78.0,0,42.33,473.0,High School/GED/Some College,Pass,1.0,1.0,0.0,0.0,0.0
2.86,1.0,72.7,0,97.35,473.0,High School/GED/Some College,Pass,1.0,1.0,0.0,0.0,0.0
2.65,1.0,72.0,1,239.45,578.0,High School/GED/Some College,Fail,0.0,1.0,0.0,0.0,0.0
2.72,1.0,82.0,0,116.53,473.0,High School/GED/Some College,Pass,1.0,1.0,0.0,0.0,0.0
3.02,1.0,68.7,0,68.51,725.0,High School/GED/Some College,Pass,1.0,1.0,0.0,0.0,0.0
2.4,1.0,79.3,0,55.34,473.0,High School/GED/Some College,Pass,1.0,1.0,0.0,0.0,0.0
3.78,1.0,75.3,0,333.35,599.0,High School/GED/Some College,Pass,1.0,1.0,0.0,0.0,0.0
2.59,1.0,79.3,0,63.55,473.0,High School/GED/Some College,Fail,0.0,1.0,0.0,0.0,0.0
2.97,2.0,68.0,0,353.0,717.0,High School/GED/Some College,Pass,1.0,1.0,0.0,0.0,0.0
2.81,1.0,70.7,0,53.33,473.0,High School/GED/Some College,Pass,1.0,1.0,0.0,0.0,0.0
2.95,1.0,78.7,0,76.34,473.0,High School/GED/Some College,Pass,1.0,1.0,0.0,0.0,0.0
3.29,1.0,84.7,0,80.34,466.0,High School/GED/Some College,Pass,1.0,1.0,0.0,0.0,0.0
2.72,1.0,74.0,0,328.35,473.0,High School/GED/Some College,Pass,1.0,1.0,0.0,0.0,0.0
3.46,1.0,78.0,0,46.33,473.0,Bachelors,Pass,1.0,0.0,0.0,1.0,0.0
3.47,1.0,84.0,0,48.58,473.0,Bachelors,Pass,1.0,0.0,0.0,1.0,0.0
3.19,1.0,92.7,0,138.32,473.0,Bachelors,Pass,1.0,0.0,0.0,1.0,0.0
2.97,1.0,84.0,0,272.34,473.0,Bachelors,Pass,1.0,0.0,0.0,1.0,0.0
3.78,1.0,89.3,0,329.34,473.0,Bachelors,Pass,1.0,0.0,0.0,1.0,0.0
3.34,1.0,70.0,0,69.34,473.0,High School/GED/Some College,Pass,1.0,1.0,0.0,0.0,0.0
3.21,3.0,67.3,0,49.45,473.0,High School/GED/Some College,Pass,1.0,1.0,0.0,0.0,0.0
2.68,1.0,69.3,0,179.59,599.0,High School/GED/Some College,Pass,1.0,1.0,0.0,0.0,0.0
3.52,1.0,70.0,0,63.4,473.0,High School/GED/Some College,Pass,1.0,1.0,0.0,0.0,0.0
3.03,1.0,89.3,0,54.34,473.0,Bachelors,Pass,1.0,0.0,0.0,1.0,0.0
3.09,2.0,64.0,1,88.57,704.0,High School/GED/Some College,Fail,0.0,1.0,0.0,0.0,0.0
3.38,1.0,80.0,0,77.33,592.0,High School/GED/Some College,Pass,1.0,1.0,0.0,0.0,0.0
2.75,1.0,66.0,1,271.0,704.0,High School/GED/Some College,Pass,1.0,1.0,0.0,0.0,0.0
2.76,1.0,69.3,1,116.56,592.0,High School/GED/Some College,Pass,1.0,1.0,0.0,0.0,0.0
2.66,1.0,68.7,0,75.34,473.0,Bachelors,Pass,1.0,0.0,0.0,1.0,0.0
2.88,1.0,75.3,0,74.33,473.0,Bachelors,Pass,1.0,0.0,0.0,1.0,0.0
2.88,1.0,68.7,0,116.34,599.0,High School/GED/Some College,Pass,1.0,1.0,0.0,0.0,0.0
3.1,1.0,70.0,0,49.34,466.0,Associates,Pass,1.0,0.0,1.0,0.0,0.0
3.02,1.0,80.0,0,189.0,466.0,High School/GED/Some College,Fail,0.0,1.0,0.0,0.0,0.0
3.36,1.0,76.7,0,56.45,473.0,Bachelors,Pass,1.0,0.0,0.0,1.0,0.0
2.76,3.0,90.0,2,286.32,711.0,High School/GED/Some College,Fail,0.0,1.0,0.0,0.0,0.0
3.21,1.0,68.7,0,132.34,466.0,Bachelors,Fail,0.0,0.0,0.0,1.0,0.0
2.9,1.0,75.3,0,87.33,466.0,High School/GED/Some College,Pass,1.0,1.0,0.0,0.0,0.0
3.12,1.0,90.7,0,112.39,466.0,Bachelors,Pass,1.0,0.0,0.0,1.0,0.0
3.52,1.0,76.7,0,59.31,466.0,High School/GED/Some College,Pass,1.0,1.0,0.0,0.0,0.0
2.8,1.0,70.7,0,334.44,704.0,High School/GED/Some College,Pass,1.0,1.0,0.0,0.0,0.0
2.6,1.0,74.0,0,332.54,599.0,High School/GED/Some College,Pass,1.0,1.0,0.0,0.0,0.0
2.97,1.0,76.7,1,741.0,599.0,High School/GED/Some College,Fail,0.0,1.0,0.0,0.0,0.0
3.95,1.0,87.3,0,26.51,599.0,Bachelors,Pass,1.0,0.0,0.0,1.0,0.0
2.64,1.0,73.3,0,220.33,599.0,High School/GED/Some College,Fail,0.0,1.0,0.0,0.0,0.0
2.79,3.0,68.0,1,234.34,592.0,High School/GED/Some College,Fail,0.0,1.0,0.0,0.0,0.0
3.0,1.0,76.7,1,136.58,704.0,Bachelors,Pass,1.0,0.0,0.0,1.0,0.0
2.48,1.0,74.0,0,151.35,473.0,High School/GED/Some College,Fail,0.0,1.0,0.0,0.0,0.0
2.86,1.0,80.7,0,42.34,473.0,High School/GED/Some College,Pass,1.0,1.0,0.0,0.0,0.0
3.29,1.0,88.0,0,46.33,466.0,Bachelors,Pass,1.0,0.0,0.0,1.0,0.0
2.97,1.0,75.3,0,88.33,473.0,High School/GED/Some College,Pass,1.0,1.0,0.0,0.0,0.0
2.97,1.0,81.3,0,60.58,473.0,Bachelors,Pass,1.0,0.0,0.0,1.0,0.0
2.97,1.0,84.7,0,82.33,465.0,High School/GED/Some College,Pass,1.0,1.0,0.0,0.0,0.0
3.14,2.0,74.0,0,82.56,466.0,High School/GED/Some College,Pass,1.0,1.0,0.0,0.0,0.0
3.22,1.0,86.7,0,42.45,466.0,High School/GED/Some College,Pass,1.0,1.0,0.0,0.0,0.0
3.02,1.0,70.7,0,91.58,466.0,Masters,Pass,1.0,0.0,0.0,0.0,1.0
3.71,1.0,84.0,0,46.6,466.0,High School/GED/Some College,Pass,1.0,1.0,0.0,0.0,0.0
3.02,3.0,74.0,0,61.56,592.0,High School/GED/Some College,Pass,1.0,1.0,0.0,0.0,0.0
3.47,1.0,74.7,0,60.33,591.0,High School/GED/Some College,Pass,1.0,1.0,0.0,0.0,0.0
3.83,1.0,83.3,0,48.32,473.0,Bachelors,Pass,1.0,0.0,0.0,1.0,0.0
2.93,3.0,66.0,0,80.0,591.0,High School/GED/Some College,Pass,1.0,1.0,0.0,0.0,0.0
3.95,1.0,74.7,0,60.33,592.0,High School/GED/Some College,Pass,1.0,1.0,0.0,0.0,0.0
3.6,1.0,79.3,0,88.48,592.0,High School/GED/Some College,Pass,1.0,1.0,0.0,0.0,0.0
3.02,1.0,86.7,2,133.32,704.0,High School/GED/Some College,Fail,0.0,1.0,0.0,0.0,0.0
3.22,1.0,69.3,0,41.5,466.0,High School/GED/Some College,Pass,1.0,1.0,0.0,0.0,0.0
2.78,2.0,74.7,0,60.32,473.0,High School/GED/Some College,Pass,1.0,1.0,0.0,0.0,0.0
3.29,2.0,77.3,0,350.0,592.0,High School/GED/Some College,Fail,0.0,1.0,0.0,0.0,0.0
3.08,1.0,75.3,0,297.34,466.0,High School/GED/Some College,Fail,0.0,1.0,0.0,0.0,0.0
3.36,1.0,78.0,0,76.56,592.0,High School/GED/Some College,Pass,1.0,1.0,0.0,0.0,0.0
2.59,2.0,74.0,1,227.58,592.0,High School/GED/Some College,Pass,1.0,1.0,0.0,0.0,0.0
3.0,1.0,74.0,0,54.35,466.0,High School/GED/Some College,Pass,1.0,1.0,0.0,0.0,0.0
3.21,1.0,70.0,0,87.31,466.0,High School/GED/Some College,Pass,1.0,1.0,0.0,0.0,0.0
3.31,2.0,72.0,0,80.0,586.0,High School/GED/Some College,Pass,1.0,1.0,0.0,0.0,0.0
3.12,1.0,70.0,0,104.32,466.0,High School/GED/Some College,Pass,1.0,1.0,0.0,0.0,0.0
3.0,1.0,84.0,1,96.0,592.0,High School/GED/Some College,Pass,1.0,1.0,0.0,0.0,0.0
3.57,1.0,72.0,0,61.48,466.0,High School/GED/Some College,Pass,1.0,1.0,0.0,0.0,0.0
2.86,2.0,66.7,0,325.0,592.0,High School/GED/Some College,Fail,0.0,1.0,0.0,0.0,0.0
3.12,1.0,78.0,0,87.33,592.0,High School/GED/Some College,Pass,1.0,1.0,0.0,0.0,0.0
2.62,2.0,73.3,1,108.0,592.0,High School/GED/Some College,Fail,0.0,1.0,0.0,0.0,0.0
3.24,2.0,66.7,0,165.35,465.0,High School/GED/Some College,Pass,1.0,1.0,0.0,0.0,0.0
4.0,1.0,69.3,0,42.34,466.0,High School/GED/Some College,Pass,1.0,1.0,0.0,0.0,0.0
3.14,1.0,80.7,0,82.57,466.0,High School/GED/Some College,Pass,1.0,1.0,0.0,0.0,0.0
3.78,1.0,90.0,0,80.57,466.0,Bachelors,Pass,1.0,0.0,0.0,1.0,0.0
3.0,1.0,72.0,0,68.32,466.0,High School/GED/Some College,Pass,1.0,1.0,0.0,0.0,0.0
3.5,1.0,88.0,0,49.58,578.0,High School/GED/Some College,Pass,1.0,1.0,0.0,0.0,0.0
3.4,1.0,79.3,0,42.31,466.0,High School/GED/Some College,Pass,1.0,1.0,0.0,0.0,0.0
3.19,1.0,72.7,0,116.53,592.0,High School/GED/Some College,Pass,1.0,1.0,0.0,0.0,0.0
3.55,2.0,71.3,0,74.0,591.0,High School/GED/Some College,Pass,1.0,1.0,0.0,0.0,0.0
2.79,1.0,80.7,0,126.54,466.0,Bachelors,Fail,0.0,0.0,0.0,1.0,0.0
2.72,1.0,68.0,1,230.32,591.0,High School/GED/Some College,Fail,0.0,1.0,0.0,0.0,0.0
3.21,1.0,69.3,0,61.34,466.0,Bachelors,Pass,1.0,0.0,0.0,1.0,0.0
2.86,1.0,73.3,0,417.08,704.0,High School/GED/Some College,Pass,1.0,1.0,0.0,0.0,0.0
2.95,2.0,68.0,0,52.32,466.0,High School/GED/Some College,Fail,0.0,1.0,0.0,0.0,0.0
3.43,1.0,80.7,0,33.32,466.0,High School/GED/Some College,Pass,1.0,1.0,0.0,0.0,0.0
3.03,1.0,80.7,0,54.58,466.0,Masters,Fail,0.0,0.0,0.0,0.0,1.0
3.6,2.0,75.3,0,71.65,591.0,High School/GED/Some College,Pass,1.0,1.0,0.0,0.0,0.0
3.16,1.0,82.7,0,41.34,466.0,High School/GED/Some College,Pass,1.0,1.0,0.0,0.0,0.0
3.15,3.0,90.0,0,117.49,578.0,High School/GED/Some College,Pass,1.0,1.0,0.0,0.0,0.0
2.78,1.0,78.0,0,186.58,466.0,High School/GED/Some College,Pass,1.0,1.0,0.0,0.0,0.0
2.9,2.0,86.0,2,109.51,838.0,High School/GED/Some College,Fail,0.0,1.0,0.0,0.0,0.0
3.78,1.0,86.7,0,49.59,466.0,High School/GED/Some College,Pass,1.0,1.0,0.0,0.0,0.0
3.43,1.0,74.0,0,39.56,466.0,High School/GED/Some College,Pass,1.0,1.0,0.0,0.0,0.0
2.93,2.0,72.0,0,150.35,465.0,High School/GED/Some College,Fail,0.0,1.0,0.0,0.0,0.0
3.07,1.0,72.0,0,182.55,465.0,High School/GED/Some College,Pass,1.0,1.0,0.0,0.0,0.0
3.22,1.0,74.0,0,46.34,466.0,High School/GED/Some College,Pass,1.0,1.0,0.0,0.0,0.0
3.69,1.0,85.3,0,48.56,466.0,High School/GED/Some College,Pass,1.0,1.0,0.0,0.0,0.0
2.41,4.0,70.0,1,237.52,704.0,High School/GED/Some College,Fail,0.0,1.0,0.0,0.0,0.0
2.78,2.0,65.3,2,124.6,704.0,High School/GED/Some College,Fail,0.0,1.0,0.0,0.0,0.0
3.05,1.0,80.0,0,56.57,592.0,High School/GED/Some College,Pass,1.0,1.0,0.0,0.0,0.0
3.09,1.0,78.0,0,49.33,466.0,Bachelors,Fail,0.0,0.0,0.0,1.0,0.0
2.66,2.0,67.3,0,486.0,466.0,High School/GED/Some College,Fail,0.0,1.0,0.0,0.0,0.0
2.86,1.0,68.0,1,187.35,704.0,High School/GED/Some College,Fail,0.0,1.0,0.0,0.0,0.0
2.86,1.0,87.3,1,279.51,592.0,High School/GED/Some College,Pass,1.0,1.0,0.0,0.0,0.0
3.55,2.0,70.7,0,61.58,466.0,High School/GED/Some College,Pass,1.0,1.0,0.0,0.0,0.0
3.21,1.0,80.7,0,39.58,466.0,Bachelors,Pass,1.0,0.0,0.0,1.0,0.0
3.22,1.0,74.7,0,81.51,465.0,High School/GED/Some College,Pass,1.0,1.0,0.0,0.0,0.0
3.03,1.0,68.0,0,78.49,465.0,High School/GED/Some College,Pass,1.0,1.0,0.0,0.0,0.0
2.79,3.0,74.7,2,805.0,592.0,High School/GED/Some College,Pass,1.0,1.0,0.0,0.0,0.0
3.45,1.0,76.0,1,75.59,704.0,High School/GED/Some College,Pass,1.0,1.0,0.0,0.0,0.0
3.33,1.0,71.3,0,109.33,466.0,High School/GED/Some College,Pass,1.0,1.0,0.0,0.0,0.0
2.59,1.0,77.3,1,403.0,592.0,High School/GED/Some College,Fail,0.0,1.0,0.0,0.0,0.0
3.36,1.0,80.7,0,61.56,578.0,High School/GED/Some College,Pass,1.0,1.0,0.0,0.0,0.0
2.64,5.0,68.0,0,45.07,472.0,High School/GED/Some College,Fail,0.0,1.0,0.0,0.0,0.0
3.16,1.0,69.3,0,45.07,472.0,High School/GED/Some College,Fail,0.0,1.0,0.0,0.0,0.0
2.78,2.0,69.3,0,88.32,466.0,High School/GED/Some College,Fail,0.0,1.0,0.0,0.0,0.0
2.84,1.0,70.0,0,87.35,578.0,High School/GED/Some College,Fail,0.0,1.0,0.0,0.0,0.0
3.31,1.0,79.3,0,39.33,466.0,High School/GED/Some College,Pass,1.0,1.0,0.0,0.0,0.0
2.76,2.0,68.0,1,368.0,592.0,High School/GED/Some College,Fail,0.0,1.0,0.0,0.0,0.0
3.64,1.0,79.3,0,53.34,465.0,High School/GED/Some College,Pass,1.0,1.0,0.0,0.0,0.0
2.95,2.0,70.0,1,73.34,591.0,High School/GED/Some College,Pass,1.0,1.0,0.0,0.0,0.0
3.22,1.0,76.7,0,53.0,466.0,High School/GED/Some College,Pass,1.0,1.0,0.0,0.0,0.0
3.88,1.0,93.3,0,81.0,466.0,High School/GED/Some College,Pass,1.0,1.0,0.0,0.0,0.0
3.58,1.0,84.7,0,144.34,466.0,High School/GED/Some College,Pass,1.0,1.0,0.0,0.0,0.0
2.71,1.0,68.7,0,97.33,592.0,High School/GED/Some College,Fail,0.0,1.0,0.0,0.0,0.0
3.43,1.0,78.7,0,57.56,465.0,High School/GED/Some College,Pass,1.0,1.0,0.0,0.0,0.0
3.43,2.0,66.7,0,101.51,578.0,High School/GED/Some College,Pass,1.0,1.0,0.0,0.0,0.0
3.83,1.0,79.3,0,49.32,465.0,High School/GED/Some College,Pass,1.0,1.0,0.0,0.0,0.0
2.79,2.0,70.0,0,88.0,591.0,High School/GED/Some College,Pass,1.0,1.0,0.0,0.0,0.0
3.19,1.0,84.0,0,49.33,466.0,High School/GED/Some College,Fail,0.0,1.0,0.0,0.0,0.0
2.76,2.0,66.7,0,175.33,465.0,High School/GED/Some College,Pass,1.0,1.0,0.0,0.0,0.0
3.1,2.0,72.0,0,55.33,466.0,High School/GED/Some College,Pass,1.0,1.0,0.0,0.0,0.0
3.15,2.0,76.0,1,81.0,830.0,High School/GED/Some College,Fail,0.0,1.0,0.0,0.0,0.0
3.71,1.0,70.0,0,178.0,467.0,High School/GED/Some College,Fail,0.0,1.0,0.0,0.0,0.0
3.28,1.0,81.3,0,53.34,466.0,High School/GED/Some College,Pass,1.0,1.0,0.0,0.0,0.0
3.28,1.0,71.3,0,66.34,466.0,High School/GED/Some College,Pass,1.0,1.0,0.0,0.0,0.0
2.79,4.0,68.7,1,312.34,591.0,High School/GED/Some College,Fail,0.0,1.0,0.0,0.0,0.0
3.47,1.0,71.3,0,68.57,578.0,High School/GED/Some College,Pass,1.0,1.0,0.0,0.0,0.0
3.71,1.0,81.3,0,45.33,578.0,High School/GED/Some College,Pass,1.0,1.0,0.0,0.0,0.0
3.36,3.0,68.0,0,49.53,591.0,High School/GED/Some College,Pass,1.0,1.0,0.0,0.0,0.0
3.81,1.0,74.7,0,48.33,466.0,High School/GED/Some College,Pass,1.0,1.0,0.0,0.0,0.0
3.3,1.0,83.3,0,81.35,466.0,High School/GED/Some College,Pass,1.0,1.0,0.0,0.0,0.0
3.47,2.0,65.3,0,109.0,591.0,High School/GED/Some College,Pass,1.0,1.0,0.0,0.0,0.0
2.95,4.0,66.7,0,52.56,591.0,High School/GED/Some College,Fail,0.0,1.0,0.0,0.0,0.0
3.31,1.0,89.3,0,52.32,466.0,High School/GED/Some College,Pass,1.0,1.0,0.0,0.0,0.0
3.43,1.0,72.0,0,43.33,466.0,High School/GED/Some College,Pass,1.0,1.0,0.0,0.0,0.0
3.78,1.0,77.3,0,59.33,465.0,High School/GED/Some College,Pass,1.0,1.0,0.0,0.0,0.0
3.14,2.0,64.0,1,105.0,591.0,High School/GED/Some College,Fail,0.0,1.0,0.0,0.0,0.0
3.33,1.0,78.0,0,122.57,578.0,High School/GED/Some College,Pass,1.0,1.0,0.0,0.0,0.0
2.93,2.0,69.3,0,47.0,591.0,High School/GED/Some College,Pass,1.0,1.0,0.0,0.0,0.0
3.17,4.0,69.3,0,67.33,591.0,High School/GED/Some College,Pass,1.0,1.0,0.0,0.0,0.0
3.33,2.0,67.3,0,67.51,465.0,High School/GED/Some College,Pass,1.0,1.0,0.0,0.0,0.0
3.72,1.0,78.0,0,111.35,465.0,High School/GED/Some College,Pass,1.0,1.0,0.0,0.0,0.0
2.83,1.0,81.3,0,94.5,465.0,High School/GED/Some College,Pass,1.0,1.0,0.0,0.0,0.0
3.05,2.0,76.0,0,-3.43,591.0,High School/GED/Some College,Pass,1.0,1.0,0.0,0.0,0.0
3.28,3.0,70.7,0,81.0,466.0,High School/GED/Some College,Fail,0.0,1.0,0.0,0.0,0.0
2.98,2.0,80.7,1,140.0,591.0,High School/GED/Some College,Fail,0.0,1.0,0.0,0.0,0.0
3.4,1.0,88.0,0,48.31,465.0,High School/GED/Some College,Pass,1.0,1.0,0.0,0.0,0.0
2.36,1.0,72.0,1,343.32,591.0,High School/GED/Some College,Pass,1.0,1.0,0.0,0.0,0.0
3.6,1.0,68.0,0,88.32,465.0,High School/GED/Some College,Pass,1.0,1.0,0.0,0.0,0.0
3.57,1.0,87.3,0,60.57,466.0,Bachelors,Pass,1.0,0.0,0.0,1.0,0.0
3.17,1.0,70.7,0,90.51,465.0,High School/GED/Some College,Pass,1.0,1.0,0.0,0.0,0.0
3.31,1.0,75.3,0,59.58,465.0,High School/GED/Some College,Pass,1.0,1.0,0.0,0.0,0.0
3.43,1.0,86.7,0,71.64,591.0,High School/GED/Some College,Pass,1.0,1.0,0.0,0.0,0.0
3.55,1.0,90.0,0,53.35,465.0,High School/GED/Some College,Pass,1.0,1.0,0.0,0.0,0.0
3.72,1.0,82.0,0,33.53,466.0,High School/GED/Some College,Pass,1.0,1.0,0.0,0.0,0.0
2.91,2.0,76.0,0,81.33,465.0,High School/GED/Some College,Fail,0.0,1.0,0.0,0.0,0.0
3.12,2.0,64.7,0,88.55,465.0,High School/GED/Some College,Fail,0.0,1.0,0.0,0.0,0.0
3.16,1.0,73.3,0,62.33,466.0,High School/GED/Some College,Pass,1.0,1.0,0.0,0.0,0.0
3.22,2.0,67.3,0,127.0,717.0,High School/GED/Some College,Fail,0.0,1.0,0.0,0.0,0.0
3.29,1.0,81.3,0,103.0,591.0,Bachelors,Pass,1.0,0.0,0.0,1.0,0.0
3.22,1.0,70.0,0,81.46,578.0,High School/GED/Some College,Pass,1.0,1.0,0.0,0.0,0.0
3.91,1.0,85.3,0,47.57,465.0,High School/GED/Some College,Pass,1.0,1.0,0.0,0.0,0.0
3.02,2.0,70.7,0,80.32,466.0,High School/GED/Some College,Fail,0.0,1.0,0.0,0.0,0.0
3.22,3.0,72.7,0,124.4,465.0,High School/GED/Some College,Fail,0.0,1.0,0.0,0.0,0.0
3.43,1.0,79.3,0,59.56,465.0,High School/GED/Some College,Pass,1.0,1.0,0.0,0.0,0.0
3.36,1.0,79.3,0,59.34,465.0,High School/GED/Some College,Pass,1.0,1.0,0.0,0.0,0.0
3.28,1.0,84.0,0,125.34,465.0,High School/GED/Some College,Pass,1.0,1.0,0.0,0.0,0.0
3.33,1.0,78.0,0,60.0,466.0,High School/GED/Some College,Pass,1.0,1.0,0.0,0.0,0.0
2.64,1.0,76.7,2,192.0,955.0,High School/GED/Some College,Fail,0.0,1.0,0.0,0.0,0.0
3.05,1.0,75.3,0,73.33,465.0,High School/GED/Some College,Pass,1.0,1.0,0.0,0.0,0.0
3.86,1.0,85.3,0,48.5,717.0,High School/GED/Some College,Pass,1.0,1.0,0.0,0.0,0.0
3.1,1.0,70.0,0,200.0,591.0,High School/GED/Some College,Pass,1.0,1.0,0.0,0.0,0.0
3.62,1.0,73.3,0,56.55,466.0,High School/GED/Some College,Pass,1.0,1.0,0.0,0.0,0.0
2.95,2.0,88.7,0,117.0,592.0,High School/GED/Some College,Fail,0.0,1.0,0.0,0.0,0.0
3.69,1.0,82.7,0,54.0,586.0,High School/GED/Some College,Pass,1.0,1.0,0.0,0.0,0.0
3.26,1.0,82.7,0,32.34,591.0,High School/GED/Some College,Pass,1.0,1.0,0.0,0.0,0.0
2.48,1.0,72.0,1,96.0,830.0,High School/GED/Some College,Fail,0.0,1.0,0.0,0.0,0.0
3.91,1.0,74.0,0,73.33,465.0,High School/GED/Some College,Pass,1.0,1.0,0.0,0.0,0.0
2.62,1.0,74.0,2,68.33,711.0,High School/GED/Some College,Fail,0.0,1.0,0.0,0.0,0.0
3.59,1.0,75.3,0,48.34,591.0,High School/GED/Some College,Pass,1.0,1.0,0.0,0.0,0.0
3.34,1.0,68.7,0,53.5,465.0,High School/GED/Some College,Pass,1.0,1.0,0.0,0.0,0.0
3.07,1.0,71.3,0,62.0,460.0,High School/GED/Some College,Pass,1.0,1.0,0.0,0.0,0.0
4.0,1.0,84.0,0,62.58,465.0,High School/GED/Some College,Pass,1.0,1.0,0.0,0.0,0.0
2.66,1.0,69.3,2,48.47,711.0,High School/GED/Some College,Fail,0.0,1.0,0.0,0.0,0.0
2.93,1.0,69.3,0,132.33,465.0,High School/GED/Some College,Fail,0.0,1.0,0.0,0.0,0.0
3.86,1.0,82.7,0,46.48,465.0,High School/GED/Some College,Pass,1.0,1.0,0.0,0.0,0.0
3.02,1.0,72.0,0,48.0,466.0,High School/GED/Some College,Fail,0.0,1.0,0.0,0.0,0.0
2.97,1.0,72.0,0,55.57,466.0,High School/GED/Some College,Pass,1.0,1.0,0.0,0.0,0.0
3.4,1.0,75.3,0,45.34,465.0,High School/GED/Some College,Pass,1.0,1.0,0.0,0.0,0.0
2.59,3.0,73.3,0,53.32,472.0,High School/GED/Some College,Pass,1.0,1.0,0.0,0.0,0.0
3.21,1.0,69.3,0,55.33,465.0,High School/GED/Some College,Pass,1.0,1.0,0.0,0.0,0.0
2.95,2.0,86.7,0,68.58,591.0,High School/GED/Some College,Fail,0.0,1.0,0.0,0.0,0.0
2.86,1.0,76.0,0,90.0,591.0,High School/GED/Some College,Pass,1.0,1.0,0.0,0.0,0.0
3.26,1.0,74.7,0,59.56,466.0,High School/GED/Some College,Pass,1.0,1.0,0.0,0.0,0.0
3.03,1.0,78.7,1,104.57,591.0,High School/GED/Some College,Pass,1.0,1.0,0.0,0.0,0.0
2.91,2.0,64.0,0,161.34,465.0,High School/GED/Some College,Fail,0.0,1.0,0.0,0.0,0.0
2.93,1.0,69.3,0,180.34,465.0,High School/GED/Some College,Pass,1.0,1.0,0.0,0.0,0.0
3.21,1.0,70.7,0,117.57,465.0,High School/GED/Some College,Pass,1.0,1.0,0.0,0.0,0.0
3.59,2.0,72.7,0,59.34,466.0,High School/GED/Some College,Pass,1.0,1.0,0.0,0.0,0.0
3.0,1.0,84.0,0,102.59,465.0,High School/GED/Some College,Fail,0.0,1.0,0.0,0.0,0.0
3.0,2.0,66.0,0,108.0,717.0,High School/GED/Some College,Fail,0.0,1.0,0.0,0.0,0.0
3.43,1.0,72.7,0,73.0,466.0,High School/GED/Some College,Pass,1.0,1.0,0.0,0.0,0.0
2.64,1.0,74.7,0,1084.0,465.0,High School/GED/Some College,Fail,0.0,1.0,0.0,0.0,0.0
3.17,2.0,74.7,0,59.56,465.0,High School/GED/Some College,Pass,1.0,1.0,0.0,0.0,0.0
3.57,1.0,88.0,0,69.59,591.0,High School/GED/Some College,Pass,1.0,1.0,0.0,0.0,0.0
2.9,1.0,79.3,1,75.0,717.0,High School/GED/Some College,Fail,0.0,1.0,0.0,0.0,0.0
3.52,1.0,76.7,0,39.46,591.0,High School/GED/Some College,Pass,1.0,1.0,0.0,0.0,0.0
3.31,1.0,95.3,0,74.34,465.0,Bachelors,Pass,1.0,0.0,0.0,1.0,0.0
2.81,1.0,76.7,0,52.33,466.0,Bachelors,Pass,1.0,0.0,0.0,1.0,0.0
2.85,1.0,86.7,1,124.58,591.0,High School/GED/Some College,Fail,0.0,1.0,0.0,0.0,0.0
3.12,1.0,72.0,0,105.56,465.0,High School/GED/Some College,Pass,1.0,1.0,0.0,0.0,0.0
2.6,3.0,71.3,1,138.57,591.0,High School/GED/Some College,Pass,1.0,1.0,0.0,0.0,0.0
3.19,1.0,70.7,0,58.33,600.0,Bachelors,Pass,1.0,0.0,0.0,1.0,0.0
3.29,1.0,82.7,0,175.32,465.0,High School/GED/Some College,Pass,1.0,1.0,0.0,0.0,0.0
2.97,1.0,71.3,0,84.0,466.0,High School/GED/Some College,Fail,0.0,1.0,0.0,0.0,0.0
2.55,2.0,71.3,0,99.0,466.0,High School/GED/Some College,Pass,1.0,1.0,0.0,0.0,0.0
3.09,2.0,70.0,0,228.0,465.0,High School/GED/Some College,Pass,1.0,1.0,0.0,0.0,0.0
2.93,1.0,72.0,2,244.0,704.0,High School/GED/Some College,Fail,0.0,1.0,0.0,0.0,0.0
3.91,1.0,94.0,0,59.59,465.0,High School/GED/Some College,Pass,1.0,1.0,0.0,0.0,0.0
3.57,1.0,88.7,0,35.49,591.0,High School/GED/Some College,Pass,1.0,1.0,0.0,0.0,0.0
3.02,3.0,69.3,0,56.0,717.0,High School/GED/Some College,Fail,0.0,1.0,0.0,0.0,0.0
3.1,2.0,82.0,0,92.37,585.0,High School/GED/Some College,Fail,0.0,1.0,0.0,0.0,0.0
3.38,1.0,70.0,0,236.0,591.0,High School/GED/Some College,Pass,1.0,1.0,0.0,0.0,0.0
3.36,2.0,70.7,0,77.0,592.0,High School/GED/Some College,Fail,0.0,1.0,0.0,0.0,0.0
3.5,2.0,73.3,0,71.64,591.0,High School/GED/Some College,Pass,1.0,1.0,0.0,0.0,0.0
2.62,2.0,70.7,0,45.33,591.0,High School/GED/Some College,Pass,1.0,1.0,0.0,0.0,0.0
2.53,1.0,84.7,1,146.0,591.0,High School/GED/Some College,Pass,1.0,1.0,0.0,0.0,0.0
3.29,1.0,75.3,0,53.56,465.0,High School/GED/Some College,Pass,1.0,1.0,0.0,0.0,0.0
3.43,1.0,82.7,0,50.32,465.0,High School/GED/Some College,Pass,1.0,1.0,0.0,0.0,0.0
2.55,1.0,67.3,0,404.0,711.0,High School/GED/Some College,Fail,0.0,1.0,0.0,0.0,0.0
3.41,1.0,83.3,1,68.33,465.0,High School/GED/Some College,Pass,1.0,1.0,0.0,0.0,0.0
3.0,2.0,66.7,0,47.0,467.0,High School/GED/Some College,Fail,0.0,1.0,0.0,0.0,0.0
3.91,1.0,92.7,1,61.34,466.0,High School/GED/Some College,Pass,1.0,1.0,0.0,0.0,0.0
3.21,1.0,83.3,0,158.54,465.0,High School/GED/Some College,Pass,1.0,1.0,0.0,0.0,0.0
3.43,1.0,76.7,0,49.33,591.0,High School/GED/Some College,Pass,1.0,1.0,0.0,0.0,0.0
3.31,1.0,85.3,0,101.0,586.0,Bachelors,Pass,1.0,0.0,0.0,1.0,0.0
2.79,2.0,71.3,0,41.0,460.0,High School/GED/Some College,Fail,0.0,1.0,0.0,0.0,0.0
3.38,1.0,80.7,0,118.33,465.0,High School/GED/Some College,Pass,1.0,1.0,0.0,0.0,0.0
3.38,1.0,69.3,0,82.41,591.0,High School/GED/Some College,Pass,1.0,1.0,0.0,0.0,0.0
2.86,1.0,73.3,0,206.0,465.0,High School/GED/Some College,Pass,1.0,1.0,0.0,0.0,0.0
3.5,1.0,74.7,0,81.57,465.0,High School/GED/Some College,Pass,1.0,1.0,0.0,0.0,0.0
2.91,1.0,74.7,0,77.0,592.0,High School/GED/Some College,Fail,0.0,1.0,0.0,0.0,0.0
3.47,1.0,71.3,0,139.33,465.0,High School/GED/Some College,Pass,1.0,1.0,0.0,0.0,0.0
2.83,2.0,68.7,1,298.0,592.0,High School/GED/Some College,Fail,0.0,1.0,0.0,0.0,0.0
3.41,1.0,83.3,0,94.55,465.0,High School/GED/Some College,Pass,1.0,1.0,0.0,0.0,0.0
3.19,1.0,72.7,1,142.0,586.0,High School/GED/Some College,Pass,1.0,1.0,0.0,0.0,0.0
3.64,1.0,86.7,0,42.52,465.0,High School/GED/Some College,Pass,1.0,1.0,0.0,0.0,0.0
3.16,1.0,68.7,0,98.54,465.0,High School/GED/Some College,Pass,1.0,1.0,0.0,0.0,0.0
3.72,1.0,82.7,0,96.0,466.0,High School/GED/Some College,Pass,1.0,1.0,0.0,0.0,0.0
2.83,1.0,76.0,1,87.0,600.0,High School/GED/Some College,Pass,1.0,1.0,0.0,0.0,0.0
3.1,1.0,85.3,0,64.33,465.0,High School/GED/Some College,Pass,1.0,1.0,0.0,0.0,0.0
3.74,1.0,86.0,0,118.35,465.0,Bachelors,Pass,1.0,0.0,0.0,1.0,0.0
2.88,1.0,87.3,0,56.5,717.0,High School/GED/Some College,Fail,0.0,1.0,0.0,0.0,0.0
2.91,1.0,72.0,0,68.55,591.0,High School/GED/Some College,Fail,0.0,1.0,0.0,0.0,0.0
2.93,1.0,70.7,0,84.33,466.0,High School/GED/Some College,Pass,1.0,1.0,0.0,0.0,0.0
2.84,1.0,71.3,1,186.0,591.0,High School/GED/Some College,Pass,1.0,1.0,0.0,0.0,0.0
3.45,1.0,76.0,0,92.0,466.0,High School/GED/Some College,Pass,1.0,1.0,0.0,0.0,0.0
3.28,2.0,76.0,0,95.0,466.0,High School/GED/Some College,Pass,1.0,1.0,0.0,0.0,0.0
3.58,1.0,79.3,0,60.0,466.0,High School/GED/Some College,Pass,1.0,1.0,0.0,0.0,0.0
3.29,1.0,70.7,0,81.33,465.0,High School/GED/Some College,Pass,1.0,1.0,0.0,0.0,0.0
3.43,1.0,84.0,0,49.33,465.0,High School/GED/Some College,Fail,0.0,1.0,0.0,0.0,0.0
2.67,2.0,67.3,1,206.33,592.0,High School/GED/Some College,Pass,1.0,1.0,0.0,0.0,0.0
2.93,1.0,69.3,0,273.0,585.0,High School/GED/Some College,Pass,1.0,1.0,0.0,0.0,0.0
3.03,1.0,79.3,0,68.34,465.0,High School/GED/Some College,Pass,1.0,1.0,0.0,0.0,0.0
3.79,1.0,77.3,0,49.34,466.0,High School/GED/Some College,Pass,1.0,1.0,0.0,0.0,0.0
3.22,1.0,71.3,0,62.59,466.0,High School/GED/Some College,Pass,1.0,1.0,0.0,0.0,0.0
3.91,1.0,80.0,0,39.57,466.0,High School/GED/Some College,Pass,1.0,1.0,0.0,0.0,0.0
3.57,1.0,79.3,0,64.32,466.0,High School/GED/Some College,Pass,1.0,1.0,0.0,0.0,0.0
3.26,2.0,69.3,0,118.0,592.0,High School/GED/Some College,Fail,0.0,1.0,0.0,0.0,0.0
3.16,1.0,95.3,1,87.32,585.0,High School/GED/Some College,Pass,1.0,1.0,0.0,0.0,0.0
3.09,1.0,76.0,0,109.0,466.0,High School/GED/Some College,Fail,0.0,1.0,0.0,0.0,0.0
3.36,1.0,75.3,0,83.58,466.0,High School/GED/Some College,Pass,1.0,1.0,0.0,0.0,0.0
2.84,2.0,68.0,1,241.0,466.0,High School/GED/Some College,Pass,1.0,1.0,0.0,0.0,0.0
3.28,1.0,78.0,0,106.34,465.0,High School/GED/Some College,Pass,1.0,1.0,0.0,0.0,0.0
3.43,1.0,74.0,0,46.0,592.0,High School/GED/Some College,Pass,1.0,1.0,0.0,0.0,0.0
2.71,2.0,70.7,0,52.0,591.0,High School/GED/Some College,Fail,0.0,1.0,0.0,0.0,0.0
3.47,1.0,76.0,0,47.33,472.0,Bachelors,Pass,1.0,0.0,0.0,1.0,0.0
2.86,2.0,66.7,0,64.41,472.0,High School/GED/Some College,Pass,1.0,1.0,0.0,0.0,0.0
2.67,1.0,68.0,0,57.0,592.0,High School/GED/Some College,Pass,1.0,1.0,0.0,0.0,0.0
3.21,1.0,75.3,0,125.0,711.0,High School/GED/Some College,Pass,1.0,1.0,0.0,0.0,0.0
3.52,1.0,76.0,0,221.0,592.0,High School/GED/Some College,Fail,0.0,1.0,0.0,0.0,0.0
3.69,1.0,70.7,0,46.0,592.0,High School/GED/Some College,Pass,1.0,1.0,0.0,0.0,0.0
3.4,1.0,78.0,0,40.34,466.0,High School/GED/Some College,Pass,1.0,1.0,0.0,0.0,0.0
2.79,2.0,82.7,0,73.0,466.0,High School/GED/Some College,Pass,1.0,1.0,0.0,0.0,0.0
3.47,1.0,72.7,0,82.0,466.0,High School/GED/Some College,Fail,0.0,1.0,0.0,0.0,0.0
3.45,1.0,71.3,0,70.65,466.0,High School/GED/Some College,Pass,1.0,1.0,0.0,0.0,0.0
3.45,1.0,80.0,0,53.32,466.0,High School/GED/Some College,Pass,1.0,1.0,0.0,0.0,0.0
3.31,1.0,76.7,0,77.0,474.0,High School/GED/Some College,Pass,1.0,1.0,0.0,0.0,0.0
3.88,1.0,87.3,0,52.57,466.0,Bachelors,Pass,1.0,0.0,0.0,1.0,0.0
3.14,2.0,77.3,0,67.48,466.0,High School/GED/Some College,Fail,0.0,1.0,0.0,0.0,0.0
3.91,1.0,73.3,0,60.0,592.0,High School/GED/Some College,Pass,1.0,1.0,0.0,0.0,0.0
3.48,1.0,70.0,0,59.57,466.0,High School/GED/Some College,Pass,1.0,1.0,0.0,0.0,0.0
3.86,1.0,82.7,0,52.34,591.0,High School/GED/Some College,Pass,1.0,1.0,0.0,0.0,0.0
3.4,1.0,86.7,0,97.0,592.0,High School/GED/Some College,Fail,0.0,1.0,0.0,0.0,0.0
3.33,1.0,78.7,0,59.33,466.0,High School/GED/Some College,Pass,1.0,1.0,0.0,0.0,0.0
3.34,4.0,70.7,0,80.0,592.0,High School/GED/Some College,Pass,1.0,1.0,0.0,0.0,0.0
3.0,1.0,67.3,0,46.32,472.0,High School/GED/Some College,Pass,1.0,1.0,0.0,0.0,0.0
3.83,1.0,76.7,0,96.0,466.0,High School/GED/Some College,Pass,1.0,1.0,0.0,0.0,0.0
2.88,2.0,72.7,1,196.34,592.0,High School/GED/Some College,Pass,1.0,1.0,0.0,0.0,0.0
2.31,3.0,67.3,1,158.0,830.0,High School/GED/Some College,Fail,0.0,1.0,0.0,0.0,0.0
3.0,2.0,76.0,0,59.07,472.0,High School/GED/Some College,Pass,1.0,1.0,0.0,0.0,0.0
3.67,2.0,74.0,0,52.0,466.0,High School/GED/Some College,Pass,1.0,1.0,0.0,0.0,0.0
4.0,1.0,76.7,0,38.33,592.0,High School/GED/Some College,Pass,1.0,1.0,0.0,0.0,0.0
3.95,2.0,80.0,0,84.0,591.0,High School/GED/Some College,Pass,1.0,1.0,0.0,0.0,0.0
3.47,2.0,78.0,0,87.0,592.0,High School/GED/Some College,Pass,1.0,1.0,0.0,0.0,0.0
2.91,1.0,80.0,0,115.33,592.0,High School/GED/Some College,Fail,0.0,1.0,0.0,0.0,0.0
3.4,3.0,68.0,0,69.33,466.0,High School/GED/Some College,Pass,1.0,1.0,0.0,0.0,0.0
3.07,1.0,70.0,0,67.07,711.0,High School/GED/Some College,Pass,1.0,1.0,0.0,0.0,0.0
3.69,1.0,90.0,0,54.0,466.0,High School/GED/Some College,Pass,1.0,1.0,0.0,0.0,0.0
3.05,1.0,76.0,0,109.0,472.0,High School/GED/Some College,Pass,1.0,1.0,0.0,0.0,0.0
2.55,3.0,72.7,0,83.0,824.0,High School/GED/Some College,Fail,0.0,1.0,0.0,0.0,0.0
2.55,1.0,76.7,0,74.51,472.0,High School/GED/Some College,Pass,1.0,1.0,0.0,0.0,0.0
3.74,1.0,92.0,0,21.32,592.0,High School/GED/Some College,Pass,1.0,1.0,0.0,0.0,0.0
2.78,1.0,68.7,0,71.63,466.0,High School/GED/Some College,Fail,0.0,1.0,0.0,0.0,0.0
3.6,1.0,84.7,0,95.0,466.0,High School/GED/Some College,Pass,1.0,1.0,0.0,0.0,0.0
3.88,1.0,88.7,0,53.0,592.0,High School/GED/Some College,Pass,1.0,1.0,0.0,0.0,0.0
3.22,1.0,86.7,0,94.0,466.0,High School/GED/Some College,Pass,1.0,1.0,0.0,0.0,0.0
2.95,1.0,73.3,0,98.0,591.0,High School/GED/Some College,Fail,0.0,1.0,0.0,0.0,0.0
2.59,2.0,72.7,1,215.47,592.0,High School/GED/Some College,Fail,0.0,1.0,0.0,0.0,0.0
3.65,1.0,78.0,0,46.0,466.0,High School/GED/Some College,Pass,1.0,1.0,0.0,0.0,0.0
3.57,1.0,80.0,0,82.0,466.0,High School/GED/Some College,Pass,1.0,1.0,0.0,0.0,0.0
3.97,1.0,94.7,0,71.62,466.0,High School/GED/Some College,Pass,1.0,1.0,0.0,0.0,0.0
2.71,1.0,71.3,0,77.08,472.0,High School/GED/Some College,Fail,0.0,1.0,0.0,0.0,0.0
2.6,2.0,78.0,1,103.0,592.0,High School/GED/Some College,Fail,0.0,1.0,0.0,0.0,0.0
3.33,1.0,68.7,0,71.0,592.0,High School/GED/Some College,Pass,1.0,1.0,0.0,0.0,0.0
3.17,1.0,73.3,0,68.06,472.0,Bachelors,Pass,1.0,0.0,0.0,1.0,0.0
2.88,1.0,70.0,0,103.35,466.0,High School/GED/Some College,Fail,0.0,1.0,0.0,0.0,0.0
3.33,1.0,82.7,0,52.33,466.0,High School/GED/Some College,Pass,1.0,1.0,0.0,0.0,0.0
3.14,1.0,70.0,0,52.33,466.0,High School/GED/Some College,Pass,1.0,1.0,0.0,0.0,0.0
3.07,1.0,68.0,0,79.0,586.0,High School/GED/Some College,Pass,1.0,1.0,0.0,0.0,0.0
3.16,1.0,78.7,0,117.0,592.0,High School/GED/Some College,Pass,1.0,1.0,0.0,0.0,0.0
3.45,2.0,68.7,0,104.34,466.0,High School/GED/Some College,Pass,1.0,1.0,0.0,0.0,0.0
2.95,3.0,68.7,0,70.0,467.0,High School/GED/Some College,Pass,1.0,1.0,0.0,0.0,0.0
3.76,1.0,80.0,0,52.58,466.0,High School/GED/Some College,Pass,1.0,1.0,0.0,0.0,0.0
3.28,1.0,77.3,0,46.33,592.0,High School/GED/Some College,Pass,1.0,1.0,0.0,0.0,0.0
2.88,2.0,67.3,0,138.0,466.0,High School/GED/Some College,Fail,0.0,1.0,0.0,0.0,0.0
2.97,1.0,68.0,0,48.0,600.0,High School/GED/Some College,Fail,0.0,1.0,0.0,0.0,0.0
3.6,1.0,79.3,0,68.52,472.0,High School/GED/Some College,Pass,1.0,1.0,0.0,0.0,0.0
2.6,1.0,74.7,0,106.0,466.0,High School/GED/Some College,Fail,0.0,1.0,0.0,0.0,0.0
3.66,1.0,75.3,0,45.32,466.0,High School/GED/Some College,Pass,1.0,1.0,0.0,0.0,0.0
3.57,1.0,76.7,0,165.58,593.0,High School/GED/Some College,Pass,1.0,1.0,0.0,0.0,0.0
3.0,1.0,69.3,0,54.0,460.0,High School/GED/Some College,Fail,0.0,1.0,0.0,0.0,0.0
3.17,1.0,74.7,0,115.0,592.0,High School/GED/Some College,Fail,0.0,1.0,0.0,0.0,0.0
3.29,1.0,72.0,0,87.0,466.0,High School/GED/Some College,Pass,1.0,1.0,0.0,0.0,0.0
3.57,1.0,74.7,0,45.34,466.0,High School/GED/Some College,Fail,0.0,1.0,0.0,0.0,0.0
3.5,2.0,85.3,0,27.51,466.0,High School/GED/Some College,Pass,1.0,1.0,0.0,0.0,0.0
3.0,2.0,76.0,0,96.0,466.0,High School/GED/Some College,Pass,1.0,1.0,0.0,0.0,0.0
3.4,1.0,69.3,0,71.65,466.0,High School/GED/Some College,Pass,1.0,1.0,0.0,0.0,0.0
3.55,1.0,85.3,0,90.0,466.0,High School/GED/Some College,Pass,1.0,1.0,0.0,0.0,0.0
2.93,1.0,78.7,0,59.0,467.0,High School/GED/Some College,Pass,1.0,1.0,0.0,0.0,0.0
3.4,1.0,80.7,0,41.45,466.0,High School/GED/Some College,Fail,0.0,1.0,0.0,0.0,0.0
2.62,2.0,70.7,0,104.0,593.0,High School/GED/Some College,Pass,1.0,1.0,0.0,0.0,0.0
3.07,1.0,74.7,0,341.34,466.0,High School/GED/Some College,Pass,1.0,1.0,0.0,0.0,0.0
3.62,1.0,82.7,0,96.0,466.0,High School/GED/Some College,Pass,1.0,1.0,0.0,0.0,0.0
3.38,1.0,84.0,0,46.33,466.0,High School/GED/Some College,Pass,1.0,1.0,0.0,0.0,0.0
3.16,1.0,66.0,0,124.0,466.0,High School/GED/Some College,Pass,1.0,1.0,0.0,0.0,0.0
3.47,1.0,70.7,2,73.0,712.0,High School/GED/Some College,Pass,1.0,1.0,0.0,0.0,0.0
3.03,1.0,88.0,0,53.34,472.0,High School/GED/Some College,Fail,0.0,1.0,0.0,0.0,0.0
3.83,1.0,90.0,0,103.0,474.0,High School/GED/Some College,Pass,1.0,1.0,0.0,0.0,0.0
3.57,1.0,80.7,0,69.46,472.0,High School/GED/Some College,Pass,1.0,1.0,0.0,0.0,0.0
2.88,2.0,70.0,0,45.33,460.0,High School/GED/Some College,Pass,1.0,1.0,0.0,0.0,0.0
3.05,2.0,68.0,0,59.0,586.0,High School/GED/Some College,Pass,1.0,1.0,0.0,0.0,0.0
3.83,1.0,86.0,0,67.0,474.0,High School/GED/Some College,Pass,1.0,1.0,0.0,0.0,0.0
3.83,1.0,77.3,0,109.0,585.0,High School/GED/Some College,Pass,1.0,1.0,0.0,0.0,0.0
2.79,1.0,68.0,1,67.0,712.0,High School/GED/Some College,Fail,0.0,1.0,0.0,0.0,0.0
3.47,3.0,70.0,0,68.32,466.0,High School/GED/Some College,Pass,1.0,1.0,0.0,0.0,0.0
2.59,1.0,70.0,0,53.33,585.0,High School/GED/Some College,Pass,1.0,1.0,0.0,0.0,0.0
3.03,1.0,76.7,0,110.56,466.0,High School/GED/Some College,Pass,1.0,1.0,0.0,0.0,0.0
3.03,3.0,70.0,0,99.0,466.0,High School/GED/Some College,Pass,1.0,1.0,0.0,0.0,0.0
3.0,1.0,72.0,0,80.32,472.0,High School/GED/Some College,Fail,0.0,1.0,0.0,0.0,0.0
3.09,1.0,77.3,0,62.33,472.0,High School/GED/Some College,Pass,1.0,1.0,0.0,0.0,0.0
3.52,1.0,86.7,0,39.0,466.0,High School/GED/Some College,Pass,1.0,1.0,0.0,0.0,0.0
3.59,1.0,80.0,0,55.34,466.0,High School/GED/Some College,Pass,1.0,1.0,0.0,0.0,0.0
3.35,1.0,73.3,0,48.0,466.0,High School/GED/Some College,Pass,1.0,1.0,0.0,0.0,0.0
2.83,1.0,72.7,0,45.06,472.0,High School/GED/Some College,Fail,0.0,1.0,0.0,0.0,0.0
3.05,2.0,72.0,0,82.35,711.0,High School/GED/Some College,Fail,0.0,1.0,0.0,0.0,0.0
3.33,1.0,76.0,0,683.0,466.0,High School/GED/Some College,Pass,1.0,1.0,0.0,0.0,0.0
2.4,1.0,70.0,0,54.0,591.0,High School/GED/Some College,Fail,0.0,1.0,0.0,0.0,0.0
3.57,1.0,80.0,0,59.52,585.0,High School/GED/Some College,Pass,1.0,1.0,0.0,0.0,0.0
3.57,1.0,83.3,0,61.07,472.0,High School/GED/Some College,Pass,1.0,1.0,0.0,0.0,0.0
3.91,1.0,87.3,0,66.08,472.0,High School/GED/Some College,Pass,1.0,1.0,0.0,0.0,0.0
2.66,1.0,68.0,1,210.0,711.0,High School/GED/Some College,Fail,0.0,1.0,0.0,0.0,0.0
2.95,1.0,73.3,0,56.0,466.0,High School/GED/Some College,Fail,0.0,1.0,0.0,0.0,0.0
2.88,1.0,90.0,0,87.33,472.0,High School/GED/Some College,Pass,1.0,1.0,0.0,0.0,0.0
3.6,1.0,86.7,0,61.38,585.0,High School/GED/Some College,Pass,1.0,1.0,0.0,0.0,0.0
2.7,1.0,74.0,0,60.0,466.0,High School/GED/Some College,Fail,0.0,1.0,0.0,0.0,0.0
3.86,1.0,69.3,0,81.57,591.0,High School/GED/Some College,Pass,1.0,1.0,0.0,0.0,0.0
2.78,3.0,74.7,1,88.0,593.0,High School/GED/Some College,Fail,0.0,1.0,0.0,0.0,0.0
3.18,1.0,70.0,0,54.34,472.0,High School/GED/Some College,Pass,1.0,1.0,0.0,0.0,0.0
3.43,1.0,93.3,0,61.34,585.0,Bachelors,Pass,1.0,0.0,0.0,1.0,0.0
2.88,1.0,78.0,1,59.33,355.0,Bachelors,Pass,1.0,0.0,0.0,1.0,0.0
3.74,1.0,74.7,0,67.0,466.0,High School/GED/Some College,Fail,0.0,1.0,0.0,0.0,0.0
2.62,2.0,66.7,0,68.34,472.0,High School/GED/Some College,Fail,0.0,1.0,0.0,0.0,0.0
3.02,2.0,72.0,0,99.0,466.0,High School/GED/Some College,Pass,1.0,1.0,0.0,0.0,0.0
3.17,3.0,71.3,0,68.0,586.0,High School/GED/Some College,Fail,0.0,1.0,0.0,0.0,0.0
2.64,2.0,77.3,0,52.57,591.0,High School/GED/Some College,Fail,0.0,1.0,0.0,0.0,0.0
3.31,2.0,76.7,0,49.0,591.0,High School/GED/Some College,Pass,1.0,1.0,0.0,0.0,0.0
3.57,1.0,85.3,0,172.08,466.0,High School/GED/Some College,Pass,1.0,1.0,0.0,0.0,0.0
3.53,2.0,81.3,0,74.57,466.0,High School/GED/Some College,Pass,1.0,1.0,0.0,0.0,0.0
2.83,1.0,79.3,0,67.0,466.0,High School/GED/Some College,Fail,0.0,1.0,0.0,0.0,0.0
4.0,1.0,92.0,0,74.33,472.0,High School/GED/Some College,Pass,1.0,1.0,0.0,0.0,0.0
3.43,1.0,75.3,0,61.0,466.0,High School/GED/Some College,Pass,1.0,1.0,0.0,0.0,0.0
2.81,2.0,77.3,0,62.0,466.0,High School/GED/Some College,Fail,0.0,1.0,0.0,0.0,0.0
3.14,1.0,84.0,0,98.32,472.0,High School/GED/Some College,Pass,1.0,1.0,0.0,0.0,0.0
3.33,1.0,78.0,0,32.33,472.0,High School/GED/Some College,Pass,1.0,1.0,0.0,0.0,0.0
3.29,2.0,71.3,0,80.0,586.0,High School/GED/Some College,Pass,1.0,1.0,0.0,0.0,0.0
3.29,2.0,78.7,0,53.07,472.0,High School/GED/Some College,Pass,1.0,1.0,0.0,0.0,0.0
3.22,1.0,79.3,0,42.32,585.0,High School/GED/Some College,Pass,1.0,1.0,0.0,0.0,0.0
3.74,1.0,87.3,0,21.0,466.0,High School/GED/Some College,Pass,1.0,1.0,0.0,0.0,0.0
3.52,1.0,71.3,0,81.45,472.0,High School/GED/Some College,Pass,1.0,1.0,0.0,0.0,0.0
2.66,2.0,73.3,1,66.0,712.0,High School/GED/Some College,Fail,0.0,1.0,0.0,0.0,0.0
3.53,1.0,74.7,0,62.06,472.0,High School/GED/Some College,Pass,1.0,1.0,0.0,0.0,0.0
3.34,1.0,72.7,0,59.53,466.0,High School/GED/Some College,Pass,1.0,1.0,0.0,0.0,0.0
3.78,1.0,87.3,0,64.0,466.0,High School/GED/Some College,Pass,1.0,1.0,0.0,0.0,0.0
3.59,1.0,78.7,0,40.0,466.0,High School/GED/Some College,Pass,1.0,1.0,0.0,0.0,0.0
3.45,1.0,74.7,0,61.08,472.0,High School/GED/Some College,Pass,1.0,1.0,0.0,0.0,0.0
3.15,1.0,90.7,1,39.0,591.0,High School/GED/Some College,Pass,1.0,1.0,0.0,0.0,0.0
3.36,1.0,78.0,0,68.07,472.0,Bachelors,Pass,1.0,0.0,0.0,1.0,0.0
4.0,1.0,86.7,0,45.04,472.0,High School/GED/Some College,Pass,1.0,1.0,0.0,0.0,0.0
3.36,1.0,68.0,0,80.0,593.0,High School/GED/Some College,Pass,1.0,1.0,0.0,0.0,0.0
2.4,1.0,83.3,0,61.34,472.0,High School/GED/Some College,Fail,0.0,1.0,0.0,0.0,0.0
2.83,1.0,70.0,0,94.33,472.0,High School/GED/Some College,Fail,0.0,1.0,0.0,0.0,0.0
2.93,1.0,71.3,0,45.06,472.0,High School/GED/Some College,Pass,1.0,1.0,0.0,0.0,0.0
3.43,1.0,74.7,0,55.05,472.0,High School/GED/Some College,Pass,1.0,1.0,0.0,0.0,0.0
3.74,1.0,69.3,0,39.07,472.0,High School/GED/Some College,Pass,1.0,1.0,0.0,0.0,0.0
2.53,1.0,68.7,1,86.0,837.0,High School/GED/Some College,Fail,0.0,1.0,0.0,0.0,0.0
2.78,1.0,79.3,0,90.0,593.0,High School/GED/Some College,Pass,1.0,1.0,0.0,0.0,0.0
3.34,3.0,84.7,0,138.0,586.0,High School/GED/Some College,Fail,0.0,1.0,0.0,0.0,0.0
3.09,1.0,80.7,0,269.33,466.0,High School/GED/Some College,Pass,1.0,1.0,0.0,0.0,0.0
2.95,1.0,67.3,0,68.0,466.0,High School/GED/Some College,Pass,1.0,1.0,0.0,0.0,0.0
2.81,1.0,76.7,0,82.0,466.0,High School/GED/Some College,Pass,1.0,1.0,0.0,0.0,0.0
3.43,1.0,79.3,0,61.34,472.0,High School/GED/Some College,Pass,1.0,1.0,0.0,0.0,0.0
2.69,1.0,74.0,0,68.0,466.0,High School/GED/Some College,Fail,0.0,1.0,0.0,0.0,0.0
2.78,1.0,74.7,0,202.0,472.0,High School/GED/Some College,Pass,1.0,1.0,0.0,0.0,0.0
3.29,1.0,86.7,0,83.08,472.0,High School/GED/Some College,Fail,0.0,1.0,0.0,0.0,0.0
3.74,1.0,86.7,0,32.0,466.0,High School/GED/Some College,Pass,1.0,1.0,0.0,0.0,0.0
3.08,1.0,75.3,0,61.34,472.0,High School/GED/Some College,Pass,1.0,1.0,0.0,0.0,0.0
2.78,1.0,68.7,0,67.45,466.0,High School/GED/Some College,Fail,0.0,1.0,0.0,0.0,0.0
2.94,1.0,68.7,0,83.0,466.0,High School/GED/Some College,Fail,0.0,1.0,0.0,0.0,0.0
3.36,1.0,72.7,0,68.0,466.0,Associates,Pass,1.0,0.0,1.0,0.0,0.0
3.19,1.0,68.0,0,53.08,472.0,High School/GED/Some College,Pass,1.0,1.0,0.0,0.0,0.0
2.64,1.0,60.7,0,52.46,591.0,High School/GED/Some College,Pass,1.0,1.0,0.0,0.0,0.0
3.22,1.0,75.3,0,63.33,472.0,Bachelors,Pass,1.0,0.0,0.0,1.0,0.0
3.12,1.0,78.0,0,67.32,467.0,High School/GED/Some College,Pass,1.0,1.0,0.0,0.0,0.0
3.57,1.0,82.0,0,52.0,591.0,High School/GED/Some College,Pass,1.0,1.0,0.0,0.0,0.0
3.26,1.0,77.3,0,97.0,466.0,High School/GED/Some College,Pass,1.0,1.0,0.0,0.0,0.0
3.17,2.0,69.3,0,87.34,472.0,High School/GED/Some College,Pass,1.0,1.0,0.0,0.0,0.0
3.36,1.0,84.7,0,66.0,467.0,Bachelors,Pass,1.0,0.0,0.0,1.0,0.0
2.86,1.0,82.7,0,69.0,591.0,High School/GED/Some College,Fail,0.0,1.0,0.0,0.0,0.0
3.86,1.0,87.3,0,59.07,472.0,High School/GED/Some College,Pass,1.0,1.0,0.0,0.0,0.0
3.57,1.0,74.7,0,65.0,586.0,High School/GED/Some College,Pass,1.0,1.0,0.0,0.0,0.0
3.12,1.0,84.0,0,53.33,472.0,High School/GED/Some College,Pass,1.0,1.0,0.0,0.0,0.0
3.03,2.0,69.3,0,118.0,472.0,Associates,Fail,0.0,0.0,1.0,0.0,0.0
3.09,1.0,68.0,0,84.33,472.0,High School/GED/Some College,Pass,1.0,1.0,0.0,0.0,0.0
3.57,1.0,80.7,0,61.09,472.0,High School/GED/Some College,Pass,1.0,1.0,0.0,0.0,0.0
3.52,1.0,73.3,0,42.47,472.0,High School/GED/Some College,Pass,1.0,1.0,0.0,0.0,0.0
2.74,1.0,78.0,0,103.0,586.0,High School/GED/Some College,Pass,1.0,1.0,0.0,0.0,0.0
3.8,1.0,90.7,0,50.35,472.0,High School/GED/Some College,Pass,1.0,1.0,0.0,0.0,0.0
2.64,4.0,64.0,0,88.0,586.0,High School/GED/Some College,Pass,1.0,1.0,0.0,0.0,0.0
2.85,1.0,74.7,0,73.31,472.0,High School/GED/Some College,Pass,1.0,1.0,0.0,0.0,0.0
3.78,1.0,75.3,0,50.05,472.0,High School/GED/Some College,Pass,1.0,1.0,0.0,0.0,0.0
3.66,1.0,77.3,0,39.07,472.0,High School/GED/Some College,Pass,1.0,1.0,0.0,0.0,0.0
3.42,1.0,72.0,0,54.32,472.0,High School/GED/Some College,Pass,1.0,1.0,0.0,0.0,0.0
2.88,3.0,68.0,0,98.35,467.0,High School/GED/Some College,Pass,1.0,1.0,0.0,0.0,0.0
3.86,1.0,71.3,0,68.0,591.0,High School/GED/Some College,Pass,1.0,1.0,0.0,0.0,0.0
2.6,1.0,76.7,0,105.0,586.0,High School/GED/Some College,Fail,0.0,1.0,0.0,0.0,0.0
3.33,1.0,70.0,0,48.33,472.0,Bachelors,Pass,1.0,0.0,0.0,1.0,0.0
3.1,1.0,86.0,0,57.32,472.0,High School/GED/Some College,Pass,1.0,1.0,0.0,0.0,0.0
3.1,1.0,72.0,0,52.0,591.0,High School/GED/Some College,Fail,0.0,1.0,0.0,0.0,0.0
3.34,1.0,83.3,0,61.33,472.0,High School/GED/Some College,Pass,1.0,1.0,0.0,0.0,0.0
3.1,1.0,80.0,0,52.0,586.0,High School/GED/Some College,Pass,1.0,1.0,0.0,0.0,0.0
2.83,1.0,72.0,0,52.0,586.0,High School/GED/Some College,Fail,0.0,1.0,0.0,0.0,0.0
2.97,1.0,82.0,0,59.37,472.0,High School/GED/Some College,Pass,1.0,1.0,0.0,0.0,0.0
3.31,1.0,68.0,0,54.08,472.0,High School/GED/Some College,Pass,1.0,1.0,0.0,0.0,0.0
2.69,2.0,73.3,0,51.0,474.0,High School/GED/Some College,Pass,1.0,1.0,0.0,0.0,0.0
3.26,2.0,68.0,0,81.06,472.0,High School/GED/Some College,Pass,1.0,1.0,0.0,0.0,0.0
3.14,1.0,70.0,0,56.0,586.0,High School/GED/Some College,Pass,1.0,1.0,0.0,0.0,0.0
2.65,3.0,70.7,0,179.33,460.0,High School/GED/Some College,Fail,0.0,1.0,0.0,0.0,0.0
3.78,1.0,70.0,0,70.33,467.0,High School/GED/Some College,Pass,1.0,1.0,0.0,0.0,0.0
3.86,1.0,78.0,0,38.08,472.0,High School/GED/Some College,Pass,1.0,1.0,0.0,0.0,0.0
2.84,1.0,68.7,0,353.0,712.0,High School/GED/Some College,Fail,0.0,1.0,0.0,0.0,0.0
2.5,1.0,72.7,2,122.0,838.0,Associates,Fail,0.0,0.0,1.0,0.0,0.0
3.69,1.0,90.7,0,55.08,472.0,Bachelors,Pass,1.0,0.0,0.0,1.0,0.0
2.41,3.0,67.3,0,345.0,586.0,High School/GED/Some College,Fail,0.0,1.0,0.0,0.0,0.0
3.47,1.0,76.7,0,67.33,472.0,High School/GED/Some College,Pass,1.0,1.0,0.0,0.0,0.0
2.72,2.0,68.0,0,81.0,466.0,High School/GED/Some College,Pass,1.0,1.0,0.0,0.0,0.0
3.26,1.0,78.8,0,80.48,472.0,High School/GED/Some College,Pass,1.0,1.0,0.0,0.0,0.0
3.21,1.0,85.3,0,77.09,472.0,High School/GED/Some College,Pass,1.0,1.0,0.0,0.0,0.0
3.92,1.0,84.7,0,47.09,472.0,High School/GED/Some College,Pass,1.0,1.0,0.0,0.0,0.0
3.05,1.0,72.7,0,67.34,466.0,High School/GED/Some College,Fail,0.0,1.0,0.0,0.0,0.0
3.03,1.0,79.3,0,95.06,472.0,High School/GED/Some College,Pass,1.0,1.0,0.0,0.0,0.0
3.44,1.0,71.3,0,72.0,460.0,High School/GED/Some College,Pass,1.0,1.0,0.0,0.0,0.0
3.26,1.0,82.7,0,40.07,472.0,High School/GED/Some College,Pass,1.0,1.0,0.0,0.0,0.0
3.0,1.0,68.0,0,42.49,472.0,High School/GED/Some College,Pass,1.0,1.0,0.0,0.0,0.0
2.83,3.0,90.0,1,171.49,586.0,High School/GED/Some College,Fail,0.0,1.0,0.0,0.0,0.0
3.28,2.0,76.0,0,53.09,472.0,High School/GED/Some College,Pass,1.0,1.0,0.0,0.0,0.0
3.07,2.0,82.0,0,95.0,586.0,High School/GED/Some College,Fail,0.0,1.0,0.0,0.0,0.0
2.93,1.0,86.0,1,80.0,593.0,High School/GED/Some College,Fail,0.0,1.0,0.0,0.0,0.0
2.62,1.0,69.3,0,199.6,586.0,High School/GED/Some College,Fail,0.0,1.0,0.0,0.0,0.0
2.55,6.0,68.0,0,115.0,460.0,High School/GED/Some College,Pass,1.0,1.0,0.0,0.0,0.0
3.68,1.0,89.3,0,61.36,472.0,High School/GED/Some College,Pass,1.0,1.0,0.0,0.0,0.0
2.62,2.0,67.3,0,87.34,472.0,High School/GED/Some College,Fail,0.0,1.0,0.0,0.0,0.0
2.52,2.0,66.7,1,430.0,591.0,High School/GED/Some College,Fail,0.0,1.0,0.0,0.0,0.0
3.64,1.0,86.0,0,53.34,472.0,Bachelors,Fail,0.0,0.0,0.0,1.0,0.0
3.19,1.0,90.7,0,68.46,472.0,High School/GED/Some College,Pass,1.0,1.0,0.0,0.0,0.0
3.22,1.0,70.0,0,47.0,466.0,High School/GED/Some College,Pass,1.0,1.0,0.0,0.0,0.0
4.0,1.0,91.3,0,60.0,466.0,High School/GED/Some College,Pass,1.0,1.0,0.0,0.0,0.0
2.98,1.0,78.0,0,68.07,472.0,High School/GED/Some College,Pass,1.0,1.0,0.0,0.0,0.0
3.22,1.0,82.0,0,67.0,466.0,High School/GED/Some College,Pass,1.0,1.0,0.0,0.0,0.0
3.45,1.0,82.7,0,67.0,466.0,High School/GED/Some College,Pass,1.0,1.0,0.0,0.0,0.0
3.02,1.0,75.3,0,46.08,472.0,High School/GED/Some College,Fail,0.0,1.0,0.0,0.0,0.0
2.52,2.0,71.3,1,124.0,711.0,High School/GED/Some College,Pass,1.0,1.0,0.0,0.0,0.0
3.1,1.0,76.7,0,124.0,591.0,High School/GED/Some College,Pass,1.0,1.0,0.0,0.0,0.0
3.05,1.0,74.0,0,53.53,472.0,High School/GED/Some College,Pass,1.0,1.0,0.0,0.0,0.0
3.09,1.0,72.7,0,81.0,474.0,High School/GED/Some College,Pass,1.0,1.0,0.0,0.0,0.0
2.6,1.0,75.3,0,213.0,466.0,High School/GED/Some College,Fail,0.0,1.0,0.0,0.0,0.0
3.0,2.0,64.7,0,104.0,467.0,High School/GED/Some College,Fail,0.0,1.0,0.0,0.0,0.0
2.5,2.0,79.3,2,66.0,837.0,High School/GED/Some College,Fail,0.0,1.0,0.0,0.0,0.0
3.91,1.0,82.0,0,39.33,472.0,High School/GED/Some College,Pass,1.0,1.0,0.0,0.0,0.0
2.48,2.0,66.0,0,128.0,586.0,High School/GED/Some College,Fail,0.0,1.0,0.0,0.0,0.0
2.97,2.0,68.7,0,208.0,591.0,High School/GED/Some College,Pass,1.0,1.0,0.0,0.0,0.0
3.69,1.0,86.0,0,53.06,472.0,High School/GED/Some College,Pass,1.0,1.0,0.0,0.0,0.0
2.59,3.0,70.0,3,80.0,964.0,High School/GED/Some College,Fail,0.0,1.0,0.0,0.0,0.0
2.78,1.0,74.0,0,60.33,591.0,High School/GED/Some College,Fail,0.0,1.0,0.0,0.0,0.0
2.74,1.0,77.3,0,83.0,466.0,High School/GED/Some College,Pass,1.0,1.0,0.0,0.0,0.0
2.91,1.0,82.0,1,62.0,712.0,High School/GED/Some College,Pass,1.0,1.0,0.0,0.0,0.0
3.24,2.0,72.7,0,108.33,591.0,High School/GED/Some College,Fail,0.0,1.0,0.0,0.0,0.0
2.83,1.0,75.3,0,68.08,472.0,High School/GED/Some College,Fail,0.0,1.0,0.0,0.0,0.0
4.0,1.0,84.7,0,68.08,472.0,High School/GED/Some College,Pass,1.0,1.0,0.0,0.0,0.0
3.17,1.0,78.7,0,213.0,591.0,High School/GED/Some College,Pass,1.0,1.0,0.0,0.0,0.0
2.97,1.0,68.7,1,107.33,586.0,High School/GED/Some College,Fail,0.0,1.0,0.0,0.0,0.0
3.31,1.0,78.0,0,67.0,466.0,High School/GED/Some College,Pass,1.0,1.0,0.0,0.0,0.0
3.86,1.0,81.3,0,25.33,591.0,High School/GED/Some College,Pass,1.0,1.0,0.0,0.0,0.0
3.47,1.0,90.0,0,59.34,472.0,High School/GED/Some College,Pass,1.0,1.0,0.0,0.0,0.0
3.6,1.0,76.7,0,53.52,472.0,High School/GED/Some College,Pass,1.0,1.0,0.0,0.0,0.0
3.16,1.0,70.0,0,60.57,466.0,High School/GED/Some College,Pass,1.0,1.0,0.0,0.0,0.0
3.19,1.0,68.0,0,49.0,591.0,High School/GED/Some College,Fail,0.0,1.0,0.0,0.0,0.0
3.43,1.0,76.7,0,82.0,591.0,High School/GED/Some College,Fail,0.0,1.0,0.0,0.0,0.0
3.55,1.0,77.3,0,111.0,466.0,High School/GED/Some College,Pass,1.0,1.0,0.0,0.0,0.0
2.69,2.0,68.0,0,59.53,466.0,High School/GED/Some College,Pass,1.0,1.0,0.0,0.0,0.0
2.72,5.0,74.7,0,96.66,600.0,Associates,Fail,0.0,0.0,1.0,0.0,0.0
2.79,1.0,79.3,1,158.0,466.0,High School/GED/Some College,Pass,1.0,1.0,0.0,0.0,0.0
3.25,2.0,74.0,0,202.0,586.0,High School/GED/Some College,Pass,1.0,1.0,0.0,0.0,0.0
3.05,1.0,84.0,0,67.57,466.0,High School/GED/Some College,Pass,1.0,1.0,0.0,0.0,0.0
3.33,3.0,80.0,0,110.0,600.0,Associates,Fail,0.0,0.0,1.0,0.0,0.0
2.78,3.0,66.7,0,88.33,600.0,High School/GED/Some College,Fail,0.0,1.0,0.0,0.0,0.0
3.22,1.0,71.3,0,38.08,472.0,High School/GED/Some College,Pass,1.0,1.0,0.0,0.0,0.0
3.53,1.0,79.3,0,45.08,472.0,High School/GED/Some College,Pass,1.0,1.0,0.0,0.0,0.0
3.1,1.0,72.7,0,68.57,591.0,High School/GED/Some College,Pass,1.0,1.0,0.0,0.0,0.0
2.73,1.0,68.7,0,70.0,586.0,High School/GED/Some College,Fail,0.0,1.0,0.0,0.0,0.0
3.5,1.0,84.7,0,54.0,466.0,High School/GED/Some College,Pass,1.0,1.0,0.0,0.0,0.0
2.53,3.0,66.0,0,100.0,586.0,High School/GED/Some College,Fail,0.0,1.0,0.0,0.0,0.0
3.43,1.0,82.0,0,53.33,472.0,Bachelors,Pass,1.0,0.0,0.0,1.0,0.0
4.0,4.0,84.7,0,219.0,586.0,High School/GED/Some College,Pass,1.0,1.0,0.0,0.0,0.0
3.03,1.0,78.7,0,47.07,472.0,Associates,Pass,1.0,0.0,1.0,0.0,0.0
2.83,2.0,71.3,0,143.49,586.0,High School/GED/Some College,Pass,1.0,1.0,0.0,0.0,0.0
3.75,1.0,78.0,0,52.32,466.0,High School/GED/Some College,Pass,1.0,1.0,0.0,0.0,0.0
3.17,1.0,74.0,0,92.0,466.0,High School/GED/Some College,Pass,1.0,1.0,0.0,0.0,0.0
3.69,1.0,78.7,0,97.0,460.0,High School/GED/Some College,Pass,1.0,1.0,0.0,0.0,0.0
2.79,2.0,75.3,0,174.0,460.0,High School/GED/Some College,Fail,0.0,1.0,0.0,0.0,0.0
2.95,1.0,74.0,0,79.0,586.0,Bachelors,Fail,0.0,0.0,0.0,1.0,0.0
3.69,1.0,82.0,0,41.0,466.0,Bachelors,Pass,1.0,0.0,0.0,1.0,0.0
2.74,1.0,66.0,1,59.0,460.0,High School/GED/Some College,Fail,0.0,1.0,0.0,0.0,0.0
2.59,3.0,76.7,0,53.33,460.0,High School/GED/Some College,Fail,0.0,1.0,0.0,0.0,0.0
2.59,1.0,71.3,0,60.0,466.0,High School/GED/Some College,Fail,0.0,1.0,0.0,0.0,0.0
2.93,2.0,68.7,0,101.0,460.0,High School/GED/Some College,Fail,0.0,1.0,0.0,0.0,0.0
3.29,1.0,82.0,0,38.0,460.0,High School/GED/Some College,Pass,1.0,1.0,0.0,0.0,0.0
2.71,4.0,68.0,1,128.0,711.0,High School/GED/Some College,Fail,0.0,1.0,0.0,0.0,0.0
3.59,2.0,66.7,0,42.0,466.0,High School/GED/Some College,Fail,0.0,1.0,0.0,0.0,0.0
2.71,1.0,68.0,1,82.0,591.0,High School/GED/Some College,Fail,0.0,1.0,0.0,0.0,0.0
3.25,1.0,77.3,0,89.0,466.0,High School/GED/Some College,Pass,1.0,1.0,0.0,0.0,0.0
3.33,1.0,78.0,0,68.0,466.0,High School/GED/Some College,Pass,1.0,1.0,0.0,0.0,0.0
3.07,1.0,92.7,0,171.0,591.0,High School/GED/Some College,Fail,0.0,1.0,0.0,0.0,0.0
3.83,2.0,86.7,0,67.0,466.0,High School/GED/Some College,Pass,1.0,1.0,0.0,0.0,0.0
3.09,2.0,80.0,0,60.0,466.0,High School/GED/Some College,Pass,1.0,1.0,0.0,0.0,0.0
3.08,1.0,76.0,0,125.0,460.0,High School/GED/Some College,Fail,0.0,1.0,0.0,0.0,0.0
2.95,2.0,72.0,0,60.33,591.0,High School/GED/Some College,Fail,0.0,1.0,0.0,0.0,0.0
3.03,1.0,78.0,0,75.0,466.0,High School/GED/Some College,Pass,1.0,1.0,0.0,0.0,0.0
2.87,1.0,73.3,1,74.0,466.0,High School/GED/Some College,Fail,0.0,1.0,0.0,0.0,0.0
3.66,1.0,69.3,0,59.0,466.0,High School/GED/Some College,Pass,1.0,1.0,0.0,0.0,0.0
3.52,1.0,82.7,0,54.09,472.0,High School/GED/Some College,Pass,1.0,1.0,0.0,0.0,0.0
3.74,1.0,91.3,0,35.0,460.0,High School/GED/Some College,Pass,1.0,1.0,0.0,0.0,0.0
3.09,1.0,80.0,0,111.0,466.0,High School/GED/Some College,Pass,1.0,1.0,0.0,0.0,0.0
3.29,1.0,90.7,0,73.0,586.0,High School/GED/Some College,Fail,0.0,1.0,0.0,0.0,0.0
3.47,3.0,72.7,0,94.0,466.0,High School/GED/Some College,Pass,1.0,1.0,0.0,0.0,0.0
2.88,1.0,73.3,0,69.0,466.0,High School/GED/Some College,Fail,0.0,1.0,0.0,0.0,0.0
2.9,3.0,77.3,1,173.0,466.0,High School/GED/Some College,Fail,0.0,1.0,0.0,0.0,0.0
2.67,1.0,75.3,0,140.0,466.0,High School/GED/Some College,Pass,1.0,1.0,0.0,0.0,0.0
3.34,1.0,74.7,0,112.0,466.0,High School/GED/Some College,Pass,1.0,1.0,0.0,0.0,0.0
2.84,1.0,78.0,0,144.0,466.0,High School/GED/Some College,Fail,0.0,1.0,0.0,0.0,0.0
2.6,6.0,68.7,0,152.0,593.0,High School/GED/Some College,Pass,1.0,1.0,0.0,0.0,0.0
3.17,3.0,74.0,0,94.0,466.0,High School/GED/Some College,Fail,0.0,1.0,0.0,0.0,0.0
2.76,3.0,68.7,0,94.0,474.0,High School/GED/Some College,Pass,1.0,1.0,0.0,0.0,0.0
2.67,1.0,78.7,1,146.52,712.0,High School/GED/Some College,Pass,1.0,1.0,0.0,0.0,0.0
2.81,1.0,64.7,0,67.0,593.0,High School/GED/Some College,Pass,1.0,1.0,0.0,0.0,0.0
3.57,1.0,82.0,0,52.0,467.0,High School/GED/Some College,Pass,1.0,1.0,0.0,0.0,0.0
2.84,1.0,73.3,0,88.0,466.0,Bachelors,Pass,1.0,0.0,0.0,1.0,0.0
3.38,4.0,83.3,0,362.0,586.0,High School/GED/Some College,Fail,0.0,1.0,0.0,0.0,0.0
3.36,1.0,68.7,0,63.5,466.0,Bachelors,Pass,1.0,0.0,0.0,1.0,0.0
3.47,1.0,84.0,0,144.0,466.0,High School/GED/Some College,Pass,1.0,1.0,0.0,0.0,0.0
3.24,1.0,72.7,0,130.0,466.0,High School/GED/Some College,Pass,1.0,1.0,0.0,0.0,0.0
3.6,1.0,88.0,0,72.0,586.0,High School/GED/Some College,Pass,1.0,1.0,0.0,0.0,0.0
3.47,1.0,78.7,0,65.0,586.0,High School/GED/Some College,Pass,1.0,1.0,0.0,0.0,0.0
3.47,1.0,95.3,0,92.0,466.0,Bachelors,Pass,1.0,0.0,0.0,1.0,0.0
2.75,1.0,73.3,0,75.0,481.0,High School/GED/Some College,Fail,0.0,1.0,0.0,0.0,0.0
3.38,1.0,77.3,0,133.0,586.0,High School/GED/Some College,Fail,0.0,1.0,0.0,0.0,0.0
4.0,1.0,90.7,0,52.0,466.0,Bachelors,Pass,1.0,0.0,0.0,1.0,0.0
3.55,1.0,84.0,0,59.54,586.0,High School/GED/Some College,Pass,1.0,1.0,0.0,0.0,0.0
3.47,1.0,84.7,0,65.0,586.0,High School/GED/Some College,Pass,1.0,1.0,0.0,0.0,0.0
2.95,1.0,82.7,0,136.0,586.0,High School/GED/Some College,Pass,1.0,1.0,0.0,0.0,0.0
3.45,1.0,75.3,0,66.46,466.0,High School/GED/Some College,Pass,1.0,1.0,0.0,0.0,0.0
3.14,2.0,80.7,0,81.0,586.0,High School/GED/Some College,Pass,1.0,1.0,0.0,0.0,0.0
3.17,2.0,70.0,0,73.0,586.0,High School/GED/Some College,Pass,1.0,1.0,0.0,0.0,0.0
3.91,1.0,74.7,0,40.33,466.0,High School/GED/Some College,Pass,1.0,1.0,0.0,0.0,0.0
3.4,1.0,75.3,0,117.0,593.0,High School/GED/Some College,Pass,1.0,1.0,0.0,0.0,0.0
3.34,1.0,80.7,0,91.0,466.0,High School/GED/Some College,Pass,1.0,1.0,0.0,0.0,0.0
3.41,1.0,80.7,0,84.0,466.0,High School/GED/Some College,Pass,1.0,1.0,0.0,0.0,0.0
3.22,1.0,73.3,0,67.0,593.0,High School/GED/Some College,Fail,0.0,1.0,0.0,0.0,0.0
3.33,1.0,79.3,1,79.0,586.0,High School/GED/Some College,Pass,1.0,1.0,0.0,0.0,0.0
3.0,3.0,69.3,0,87.0,466.0,High School/GED/Some College,Fail,0.0,1.0,0.0,0.0,0.0
3.12,1.0,82.0,0,99.0,466.0,High School/GED/Some College,Pass,1.0,1.0,0.0,0.0,0.0
3.47,2.0,69.3,0,177.32,586.0,High School/GED/Some College,Pass,1.0,1.0,0.0,0.0,0.0
3.16,1.0,74.7,0,75.0,586.0,High School/GED/Some College,Pass,1.0,1.0,0.0,0.0,0.0
4.0,1.0,90.7,0,47.0,586.0,High School/GED/Some College,Pass,1.0,1.0,0.0,0.0,0.0
3.5,1.0,69.3,0,90.0,466.0,High School/GED/Some College,Pass,1.0,1.0,0.0,0.0,0.0
3.29,1.0,68.0,0,67.0,466.0,High School/GED/Some College,Pass,1.0,1.0,0.0,0.0,0.0
3.91,1.0,84.0,0,70.0,466.0,High School/GED/Some College,Pass,1.0,1.0,0.0,0.0,0.0
3.34,1.0,70.0,0,185.0,586.0,Bachelors,Pass,1.0,0.0,0.0,1.0,0.0
3.78,1.0,87.3,0,59.0,712.0,High School/GED/Some College,Pass,1.0,1.0,0.0,0.0,0.0
3.38,1.0,72.7,0,60.0,466.0,High School/GED/Some College,Pass,1.0,1.0,0.0,0.0,0.0
2.9,1.0,41.3,1,131.0,586.0,High School/GED/Some College,Fail,0.0,1.0,0.0,0.0,0.0
2.92,1.0,75.3,0,101.0,460.0,High School/GED/Some College,Pass,1.0,1.0,0.0,0.0,0.0
3.66,1.0,73.3,0,93.0,586.0,High School/GED/Some College,PASS,0.0,1.0,0.0,0.0,0.0
2.93,2.0,64.7,1,150.0,712.0,High School/GED/Some College,Fail,0.0,1.0,0.0,0.0,0.0
4.0,1.0,79.3,0,49.0,466.0,High School/GED/Some College,Pass,1.0,1.0,0.0,0.0,0.0
3.31,1.0,68.7,0,130.0,466.0,High School/GED/Some College,Fail,0.0,1.0,0.0,0.0,0.0
3.66,2.0,76.7,0,125.0,593.0,High School/GED/Some College,Pass,1.0,1.0,0.0,0.0,0.0
2.5,1.0,71.3,1,122.06,586.0,Bachelors,Fail,0.0,0.0,0.0,1.0,0.0
3.34,1.0,78.0,0,42.0,460.0,High School/GED/Some College,Pass,1.0,1.0,0.0,0.0,0.0
2.93,1.0,68.7,0,67.33,466.0,High School/GED/Some College,Pass,1.0,1.0,0.0,0.0,0.0
2.78,1.0,72.0,0,28.58,466.0,High School/GED/Some College,Fail,0.0,1.0,0.0,0.0,0.0
4.0,1.0,84.0,0,60.33,466.0,High School/GED/Some College,Pass,1.0,1.0,0.0,0.0,0.0
2.84,2.0,86.7,0,100.0,586.0,High School/GED/Some College,Pass,1.0,1.0,0.0,0.0,0.0
2.94,2.0,70.7,0,98.35,467.0,High School/GED/Some College,Pass,1.0,1.0,0.0,0.0,0.0
2.98,3.0,69.3,0,59.0,467.0,High School/GED/Some College,Fail,0.0,1.0,0.0,0.0,0.0
3.36,1.0,84.0,0,68.08,466.0,High School/GED/Some College,Pass,1.0,1.0,0.0,0.0,0.0
3.08,1.0,85.3,0,68.0,466.0,High School/GED/Some College,Fail,0.0,1.0,0.0,0.0,0.0
2.72,1.0,77.3,0,51.0,586.0,High School/GED/Some College,Pass,1.0,1.0,0.0,0.0,0.0
2.66,1.0,70.7,0,94.0,466.0,High School/GED/Some College,Fail,0.0,1.0,0.0,0.0,0.0
3.17,1.0,72.7,0,46.35,467.0,High School/GED/Some College,Pass,1.0,1.0,0.0,0.0,0.0
3.52,3.0,64.0,0,104.36,586.0,High School/GED/Some College,Pass,1.0,1.0,0.0,0.0,0.0
2.67,1.0,72.0,0,75.0,460.0,High School/GED/Some College,Pass,1.0,1.0,0.0,0.0,0.0
3.43,5.0,70.0,0,100.0,474.0,High School/GED/Some College,Pass,1.0,1.0,0.0,0.0,0.0
2.79,1.0,71.3,0,97.0,586.0,High School/GED/Some College,Pass,1.0,1.0,0.0,0.0,0.0
4.0,1.0,80.7,0,49.0,466.0,High School/GED/Some College,Pass,1.0,1.0,0.0,0.0,0.0
3.4,1.0,76.0,0,54.0,586.0,High School/GED/Some College,Pass,1.0,1.0,0.0,0.0,0.0
2.28,1.0,78.7,1,109.0,586.0,High School/GED/Some College,Pass,1.0,1.0,0.0,0.0,0.0
3.55,1.0,76.7,0,95.0,466.0,High School/GED/Some College,Pass,1.0,1.0,0.0,0.0,0.0
2.98,1.0,71.3,0,86.0,460.0,High School/GED/Some College,Fail,0.0,1.0,0.0,0.0,0.0
2.72,5.0,66.0,0,136.0,467.0,High School/GED/Some College,Fail,0.0,1.0,0.0,0.0,0.0
2.62,1.0,78.7,0,97.0,466.0,High School/GED/Some College,Fail,0.0,1.0,0.0,0.0,0.0
2.55,1.0,71.3,0,122.0,460.0,High School/GED/Some College,Fail,0.0,1.0,0.0,0.0,0.0
3.03,1.0,68.0,0,60.0,467.0,High School/GED/Some College,Pass,1.0,1.0,0.0,0.0,0.0
3.42,2.0,69.3,0,40.0,460.0,High School/GED/Some College,Pass,1.0,1.0,0.0,0.0,0.0
2.72,1.0,73.3,1,157.0,460.0,High School/GED/Some College,Pass,1.0,1.0,0.0,0.0,0.0
3.78,1.0,76.7,0,55.0,466.0,High School/GED/Some College,Pass,1.0,1.0,0.0,0.0,0.0
3.6,1.0,79.3,0,45.0,467.0,Associates,Pass,1.0,0.0,1.0,0.0,0.0
2.69,1.0,68.0,0,74.0,467.0,High School/GED/Some College,Pass,1.0,1.0,0.0,0.0,0.0
3.24,3.0,68.7,0,123.0,600.0,Associates,Pass,1.0,0.0,1.0,0.0,0.0
3.74,1.0,88.7,0,60.0,466.0,High School/GED/Some College,Pass,1.0,1.0,0.0,0.0,0.0
3.14,1.0,67.3,0,38.32,481.0,High School/GED/Some College,Pass,1.0,1.0,0.0,0.0,0.0
3.34,1.0,77.3,0,75.0,600.0,Associates,Pass,1.0,0.0,1.0,0.0,0.0
3.16,1.0,79.3,0,198.0,474.0,High School/GED/Some College,Pass,1.0,1.0,0.0,0.0,0.0
3.36,1.0,79.3,0,65.0,460.0,High School/GED/Some College,Pass,1.0,1.0,0.0,0.0,0.0
2.97,1.0,76.0,0,172.64,467.0,High School/GED/Some College,Pass,1.0,1.0,0.0,0.0,0.0
3.03,1.0,66.0,0,137.0,474.0,High School/GED/Some College,Fail,0.0,1.0,0.0,0.0,0.0
3.53,1.0,90.7,0,73.0,474.0,High School/GED/Some College,Pass,1.0,1.0,0.0,0.0,0.0
2.91,1.0,71.3,1,68.51,586.0,High School/GED/Some College,Fail,0.0,1.0,0.0,0.0,0.0
2.95,2.0,70.0,0,81.0,467.0,High School/GED/Some College,Pass,1.0,1.0,0.0,0.0,0.0
2.64,2.0,68.0,0,140.0,467.0,High School/GED/Some College,Pass,1.0,1.0,0.0,0.0,0.0
3.22,2.0,62.7,0,48.0,474.0,High School/GED/Some College,Pass,1.0,1.0,0.0,0.0,0.0
3.63,1.0,80.0,0,34.0,460.0,High School/GED/Some College,Pass,1.0,1.0,0.0,0.0,0.0
2.72,1.0,80.0,1,115.35,600.0,Associates,Fail,0.0,0.0,1.0,0.0,0.0
3.86,1.0,85.3,0,80.0,467.0,High School/GED/Some College,Pass,1.0,1.0,0.0,0.0,0.0
3.28,1.0,81.3,0,56.0,586.0,High School/GED/Some College,Pass,1.0,1.0,0.0,0.0,0.0
3.09,2.0,66.0,0,173.0,467.0,High School/GED/Some College,Pass,1.0,1.0,0.0,0.0,0.0
3.02,2.0,70.7,0,163.0,593.0,High School/GED/Some College,Fail,0.0,1.0,0.0,0.0,0.0
3.76,1.0,87.3,0,47.0,467.0,Bachelors,Pass,1.0,0.0,0.0,1.0,0.0
3.31,1.0,81.3,0,82.0,586.0,High School/GED/Some College,Fail,0.0,1.0,0.0,0.0,0.0
2.98,1.0,74.0,0,230.0,460.0,High School/GED/Some College,Fail,0.0,1.0,0.0,0.0,0.0
3.74,2.0,80.7,0,152.0,593.0,Associates,Pass,1.0,0.0,1.0,0.0,0.0
3.33,2.0,68.0,0,41.0,460.0,High School/GED/Some College,Pass,1.0,1.0,0.0,0.0,0.0
3.33,1.0,76.7,0,38.0,460.0,High School/GED/Some College,Pass,1.0,1.0,0.0,0.0,0.0
3.5,1.0,73.3,0,88.0,481.0,Bachelors,Fail,0.0,0.0,0.0,1.0,0.0
3.0,1.0,83.3,0,59.0,460.0,High School/GED/Some College,Fail,0.0,1.0,0.0,0.0,0.0
2.81,2.0,71.3,0,80.0,467.0,High School/GED/Some College,Pass,1.0,1.0,0.0,0.0,0.0
3.4,1.0,78.0,0,73.0,586.0,High School/GED/Some College,Fail,0.0,1.0,0.0,0.0,0.0
3.55,1.0,68.0,0,47.53,467.0,High School/GED/Some College,Pass,1.0,1.0,0.0,0.0,0.0
3.43,1.0,88.7,0,53.0,467.0,High School/GED/Some College,Pass,1.0,1.0,0.0,0.0,0.0
3.67,1.0,77.3,0,51.04,460.0,High School/GED/Some College,Pass,1.0,1.0,0.0,0.0,0.0
2.71,1.0,83.3,0,84.0,460.0,High School/GED/Some College,Fail,0.0,1.0,0.0,0.0,0.0
3.6,1.0,69.3,0,210.0,586.0,High School/GED/Some College,Pass,1.0,1.0,0.0,0.0,0.0
3.33,1.0,74.0,0,54.0,467.0,High School/GED/Some College,Pass,1.0,1.0,0.0,0.0,0.0
3.26,1.0,86.0,0,81.0,593.0,Bachelors,Pass,1.0,0.0,0.0,1.0,0.0
3.34,3.0,71.3,0,81.0,593.0,High School/GED/Some College,Pass,1.0,1.0,0.0,0.0,0.0
2.72,2.0,65.3,0,67.0,460.0,High School/GED/Some College,Fail,0.0,1.0,0.0,0.0,0.0
3.07,1.0,70.0,0,52.33,467.0,High School/GED/Some College,Pass,1.0,1.0,0.0,0.0,0.0
3.41,2.0,67.3,0,93.0,593.0,High School/GED/Some College,Pass,1.0,1.0,0.0,0.0,0.0
3.66,1.0,77.3,0,68.0,467.0,High School/GED/Some College,Pass,1.0,1.0,0.0,0.0,0.0
2.95,1.0,75.3,0,52.0,460.0,High School/GED/Some College,Pass,1.0,1.0,0.0,0.0,0.0
3.34,1.0,71.3,0,90.0,474.0,High School/GED/Some College,Pass,1.0,1.0,0.0,0.0,0.0
3.07,3.0,88.7,0,122.0,593.0,High School/GED/Some College,Pass,1.0,1.0,0.0,0.0,0.0
4.0,1.0,93.3,0,25.0,460.0,High School/GED/Some College,Pass,1.0,1.0,0.0,0.0,0.0
2.76,1.0,68.7,0,80.0,593.0,Associates,Pass,1.0,0.0,1.0,0.0,0.0
3.83,3.0,80.0,0,56.75,593.0,High School/GED/Some College,Pass,1.0,1.0,0.0,0.0,0.0
3.31,2.0,72.0,0,73.0,467.0,High School/GED/Some College,Pass,1.0,1.0,0.0,0.0,0.0
3.34,3.0,66.0,0,81.0,593.0,High School/GED/Some College,Pass,1.0,1.0,0.0,0.0,0.0
3.43,1.0,83.3,0,39.0,460.0,High School/GED/Some College,Pass,1.0,1.0,0.0,0.0,0.0
2.64,4.0,68.0,0,130.0,467.0,High School/GED/Some College,Fail,0.0,1.0,0.0,0.0,0.0
2.76,2.0,72.0,0,171.0,586.0,High School/GED/Some College,Fail,0.0,1.0,0.0,0.0,0.0
2.55,1.0,70.7,0,152.64,467.0,High School/GED/Some College,Fail,0.0,1.0,0.0,0.0,0.0
3.6,1.0,76.7,0,61.04,467.0,High School/GED/Some College,Pass,1.0,1.0,0.0,0.0,0.0
3.05,2.0,70.0,0,63.0,467.0,High School/GED/Some College,Pass,1.0,1.0,0.0,0.0,0.0
3.15,1.0,74.7,0,47.34,460.0,High School/GED/Some College,Fail,0.0,1.0,0.0,0.0,0.0
3.21,1.0,76.7,0,110.32,460.0,High School/GED/Some College,Pass,1.0,1.0,0.0,0.0,0.0
3.34,1.0,84.0,0,60.0,600.0,Bachelors,Pass,1.0,0.0,0.0,1.0,0.0
2.66,4.0,76.0,0,101.53,481.0,Associates,Fail,0.0,0.0,1.0,0.0,0.0
2.31,3.0,69.3,2,111.0,712.0,High School/GED/Some College,Fail,0.0,1.0,0.0,0.0,0.0
3.57,1.0,85.3,0,61.56,467.0,High School/GED/Some College,Pass,1.0,1.0,0.0,0.0,0.0
2.7,1.0,81.3,1,26.0,600.0,High School/GED/Some College,Pass,1.0,1.0,0.0,0.0,0.0
2.48,3.0,65.3,0,61.0,593.0,High School/GED/Some College,Fail,0.0,1.0,0.0,0.0,0.0
2.95,3.0,65.3,0,151.0,593.0,High School/GED/Some College,Pass,1.0,1.0,0.0,0.0,0.0
3.15,1.0,68.7,0,81.0,467.0,High School/GED/Some College,Pass,1.0,1.0,0.0,0.0,0.0
3.1,1.0,82.7,0,67.0,460.0,High School/GED/Some College,Pass,1.0,1.0,0.0,0.0,0.0
3.07,1.0,74.0,0,82.0,586.0,High School/GED/Some College,Pass,1.0,1.0,0.0,0.0,0.0
2.95,2.0,72.0,0,45.0,460.0,High School/GED/Some College,Pass,1.0,1.0,0.0,0.0,0.0
3.15,1.0,89.3,0,115.0,460.0,High School/GED/Some College,Fail,0.0,1.0,0.0,0.0,0.0
2.84,2.0,81.3,0,81.0,467.0,High School/GED/Some College,Fail,0.0,1.0,0.0,0.0,0.0
2.76,1.0,69.3,0,80.32,586.0,High School/GED/Some College,Fail,0.0,1.0,0.0,0.0,0.0
2.98,1.0,74.0,0,54.0,467.0,High School/GED/Some College,Pass,1.0,1.0,0.0,0.0,0.0
3.4,1.0,71.3,0,52.0,467.0,High School/GED/Some College,Pass,1.0,1.0,0.0,0.0,0.0
3.6,4.0,64.7,0,88.0,600.0,Masters,Pass,1.0,0.0,0.0,0.0,1.0
3.91,1.0,86.7,0,34.0,460.0,High School/GED/Some College,Pass,1.0,1.0,0.0,0.0,0.0
3.48,2.0,72.7,0,94.0,593.0,High School/GED/Some College,Pass,1.0,1.0,0.0,0.0,0.0
3.13,1.0,78.7,0,108.5,467.0,High School/GED/Some College,Pass,1.0,1.0,0.0,0.0,0.0
2.91,1.0,70.7,0,82.0,593.0,High School/GED/Some College,Pass,1.0,1.0,0.0,0.0,0.0
3.05,1.0,68.7,0,88.53,600.0,High School/GED/Some College,Pass,1.0,1.0,0.0,0.0,0.0
3.2,1.0,70.0,0,95.0,593.0,High School/GED/Some College,Pass,1.0,1.0,0.0,0.0,0.0
3.2,1.0,76.7,0,152.0,593.0,High School/GED/Some College,Pass,1.0,1.0,0.0,0.0,0.0
3.34,1.0,76.7,0,46.0,467.0,High School/GED/Some College,Pass,1.0,1.0,0.0,0.0,0.0
3.2,1.0,79.3,0,51.56,460.0,High School/GED/Some College,Fail,0.0,1.0,0.0,0.0,0.0
3.47,1.0,89.3,0,60.0,460.0,High School/GED/Some College,Pass,1.0,1.0,0.0,0.0,0.0
2.64,1.0,72.7,1,103.0,600.0,Associates,Pass,1.0,0.0,1.0,0.0,0.0
2.65,1.0,68.0,0,83.0,474.0,High School/GED/Some College,Fail,0.0,1.0,0.0,0.0,0.0
2.97,1.0,79.3,0,103.0,474.0,High School/GED/Some College,Pass,1.0,1.0,0.0,0.0,0.0
3.02,1.0,73.3,0,137.0,467.0,High School/GED/Some College,Pass,1.0,1.0,0.0,0.0,0.0
3.26,1.0,82.7,0,98.0,467.0,High School/GED/Some College,Pass,1.0,1.0,0.0,0.0,0.0
3.09,1.0,71.3,0,80.0,467.0,High School/GED/Some College,Pass,1.0,1.0,0.0,0.0,0.0
2.86,1.0,72.0,0,88.0,600.0,Bachelors,Pass,1.0,0.0,0.0,1.0,0.0
3.02,2.0,82.7,0,52.0,467.0,High School/GED/Some College,Pass,1.0,1.0,0.0,0.0,0.0
3.03,1.0,86.0,0,140.0,467.0,High School/GED/Some College,Pass,1.0,1.0,0.0,0.0,0.0
3.65,1.0,82.7,0,49.33,467.0,High School/GED/Some College,Pass,1.0,1.0,0.0,0.0,0.0
2.62,1.0,84.0,1,81.0,593.0,High School/GED/Some College,Pass,1.0,1.0,0.0,0.0,0.0
3.33,3.0,79.3,0,75.0,481.0,Associates,Pass,1.0,0.0,1.0,0.0,0.0
2.6,6.0,67.3,0,80.0,600.0,High School/GED/Some College,Pass,1.0,1.0,0.0,0.0,0.0
3.03,1.0,72.7,0,66.0,467.0,High School/GED/Some College,Pass,1.0,1.0,0.0,0.0,0.0
2.62,1.0,73.3,0,208.0,467.0,Bachelors,Fail,0.0,0.0,0.0,1.0,0.0
3.83,1.0,89.3,0,107.0,593.0,High School/GED/Some College,Pass,1.0,1.0,0.0,0.0,0.0
3.1,2.0,69.3,0,82.0,474.0,High School/GED/Some College,Pass,1.0,1.0,0.0,0.0,0.0
3.52,1.0,81.3,0,228.0,467.0,High School/GED/Some College,Pass,1.0,1.0,0.0,0.0,0.0
3.33,1.0,74.7,0,47.0,467.0,High School/GED/Some College,Pass,1.0,1.0,0.0,0.0,0.0
2.6,1.0,77.3,0,97.0,474.0,High School/GED/Some College,Fail,0.0,1.0,0.0,0.0,0.0
3.02,1.0,69.3,0,88.0,593.0,High School/GED/Some College,Pass,1.0,1.0,0.0,0.0,0.0
2.55,1.0,81.3,1,230.53,593.0,High School/GED/Some College,Pass,1.0,1.0,0.0,0.0,0.0
2.62,1.0,82.7,0,68.0,467.0,High School/GED/Some College,Pass,1.0,1.0,0.0,0.0,0.0
2.81,2.0,70.0,0,104.0,467.0,High School/GED/Some College,Pass,1.0,1.0,0.0,0.0,0.0
3.22,1.0,79.3,0,123.0,593.0,High School/GED/Some College,Pass,1.0,1.0,0.0,0.0,0.0
2.83,1.0,75.3,0,94.0,600.0,Associates,Pass,1.0,0.0,1.0,0.0,0.0
3.83,1.0,86.0,0,45.0,460.0,Bachelors,Pass,1.0,0.0,0.0,1.0,0.0
2.33,1.0,74.0,0,146.0,467.0,High School/GED/Some College,Pass,1.0,1.0,0.0,0.0,0.0
3.47,1.0,91.3,0,59.08,467.0,Bachelors,Pass,1.0,0.0,0.0,1.0,0.0
2.86,2.0,68.0,1,48.0,600.0,Associates,Fail,0.0,0.0,1.0,0.0,0.0
2.74,2.0,67.3,0,102.0,467.0,High School/GED/Some College,Fail,0.0,1.0,0.0,0.0,0.0
3.1,1.0,82.0,0,103.0,474.0,High School/GED/Some College,Pass,1.0,1.0,0.0,0.0,0.0
2.9,3.0,70.0,0,116.0,481.0,Associates,Pass,1.0,0.0,1.0,0.0,0.0
2.93,1.0,70.0,0,194.0,467.0,High School/GED/Some College,Fail,0.0,1.0,0.0,0.0,0.0
2.83,1.0,76.7,0,124.0,467.0,High School/GED/Some College,Pass,1.0,1.0,0.0,0.0,0.0
2.88,1.0,68.0,0,116.0,474.0,High School/GED/Some College,Pass,1.0,1.0,0.0,0.0,0.0
2.53,1.0,68.7,0,88.0,600.0,Masters,Fail,0.0,0.0,0.0,0.0,1.0
2.48,1.0,70.7,0,91.0,474.0,High School/GED/Some College,Fail,0.0,1.0,0.0,0.0,0.0
3.17,1.0,79.3,0,82.0,593.0,High School/GED/Some College,Pass,1.0,1.0,0.0,0.0,0.0
3.21,1.0,80.0,0,79.0,719.0,Masters,Fail,0.0,0.0,0.0,0.0,1.0
3.29,4.0,84.0,0,60.0,467.0,High School/GED/Some College,Pass,1.0,1.0,0.0,0.0,0.0
2.71,2.0,64.0,0,98.0,467.0,High School/GED/Some College,Fail,0.0,1.0,0.0,0.0,0.0
3.05,1.0,70.7,0,59.0,467.0,High School/GED/Some College,Pass,1.0,1.0,0.0,0.0,0.0
3.52,6.0,84.7,0,107.0,593.0,High School/GED/Some College,Pass,1.0,1.0,0.0,0.0,0.0
3.91,1.0,82.7,0,52.0,467.0,High School/GED/Some College,Pass,1.0,1.0,0.0,0.0,0.0
3.14,1.0,79.3,0,61.0,467.0,High School/GED/Some College,Pass,1.0,1.0,0.0,0.0,0.0
3.07,1.0,70.0,0,67.0,593.0,High School/GED/Some College,Pass,1.0,1.0,0.0,0.0,0.0
3.47,1.0,82.7,0,96.0,593.0,High School/GED/Some College,Pass,1.0,1.0,0.0,0.0,0.0
3.34,4.0,66.0,0,83.33,467.0,High School/GED/Some College,Pass,1.0,1.0,0.0,0.0,0.0
3.41,1.0,70.0,0,80.0,474.0,High School/GED/Some College,Pass,1.0,1.0,0.0,0.0,0.0
3.1,1.0,82.0,0,82.0,474.0,High School/GED/Some College,Pass,1.0,1.0,0.0,0.0,0.0
3.41,1.0,86.0,0,28.0,600.0,High School/GED/Some College,Pass,1.0,1.0,0.0,0.0,0.0
2.59,1.0,80.0,0,115.0,600.0,Associates,Fail,0.0,0.0,1.0,0.0,0.0
3.83,1.0,79.3,0,94.0,593.0,High School/GED/Some College,Pass,1.0,1.0,0.0,0.0,0.0
3.43,1.0,95.3,0,45.0,467.0,High School/GED/Some College,Pass,1.0,1.0,0.0,0.0,0.0
2.81,1.0,72.0,0,178.0,593.0,High School/GED/Some College,Fail,0.0,1.0,0.0,0.0,0.0
2.5,1.0,68.7,0,52.0,719.0,High School/GED/Some College,Fail,0.0,1.0,0.0,0.0,0.0
2.95,1.0,77.3,0,86.0,467.0,High School/GED/Some College,Pass,1.0,1.0,0.0,0.0,0.0
3.14,1.0,85.3,0,188.0,467.0,High School/GED/Some College,Fail,0.0,1.0,0.0,0.0,0.0
3.09,1.0,72.7,0,115.0,481.0,High School/GED/Some College,Pass,1.0,1.0,0.0,0.0,0.0
3.37,1.0,78.0,0,53.31,467.0,High School/GED/Some College,Pass,1.0,1.0,0.0,0.0,0.0
3.6,1.0,94.7,0,54.08,467.0,High School/GED/Some College,Pass,1.0,1.0,0.0,0.0,0.0
3.14,3.0,80.0,0,97.0,474.0,High School/GED/Some College,Pass,1.0,1.0,0.0,0.0,0.0
2.95,1.0,76.0,0,59.0,467.0,High School/GED/Some College,Pass,1.0,1.0,0.0,0.0,0.0
3.72,1.0,86.7,0,41.0,593.0,High School/GED/Some College,Pass,1.0,1.0,0.0,0.0,0.0
2.74,1.0,78.7,0,60.0,467.0,Associates,Pass,1.0,0.0,1.0,0.0,0.0
3.47,1.0,81.3,0,54.0,467.0,High School/GED/Some College,Pass,1.0,1.0,0.0,0.0,0.0
3.52,1.0,78.7,0,41.0,474.0,High School/GED/Some College,Pass,1.0,1.0,0.0,0.0,0.0
3.38,1.0,78.7,0,107.0,474.0,High School/GED/Some College,Pass,1.0,1.0,0.0,0.0,0.0
3.37,2.0,69.3,0,46.58,474.0,High School/GED/Some College,Pass,1.0,1.0,0.0,0.0,0.0
3.36,2.0,70.0,0,82.0,719.0,High School/GED/Some College,Pass,1.0,1.0,0.0,0.0,0.0
3.4,1.0,84.0,0,83.0,593.0,High School/GED/Some College,Pass,1.0,1.0,0.0,0.0,0.0
3.57,1.0,72.0,0,98.0,474.0,High School/GED/Some College,Pass,1.0,1.0,0.0,0.0,0.0
3.91,2.0,78.0,0,77.0,593.0,High School/GED/Some College,Pass,1.0,1.0,0.0,0.0,0.0
2.93,1.0,70.7,0,54.0,467.0,High School/GED/Some College,Pass,1.0,1.0,0.0,0.0,0.0
2.88,1.0,65.3,0,61.0,467.0,High School/GED/Some College,Pass,1.0,1.0,0.0,0.0,0.0
3.1,1.0,66.7,0,152.0,593.0,High School/GED/Some College,Pass,1.0,1.0,0.0,0.0,0.0
3.12,1.0,72.0,0,108.0,467.0,High School/GED/Some College,Fail,0.0,1.0,0.0,0.0,0.0
3.21,1.0,74.7,0,150.0,593.0,Bachelors,Fail,0.0,0.0,0.0,1.0,0.0
2.6,2.0,73.3,0,67.0,593.0,High School/GED/Some College,Pass,1.0,1.0,0.0,0.0,0.0
3.33,1.0,76.7,0,46.0,467.0,High School/GED/Some College,Pass,1.0,1.0,0.0,0.0,0.0
3.24,2.0,68.0,0,68.0,600.0,High School/GED/Some College,Pass,1.0,1.0,0.0,0.0,0.0
3.02,3.0,70.0,0,125.0,593.0,High School/GED/Some College,Pass,1.0,1.0,0.0,0.0,0.0
2.74,2.0,65.3,0,64.51,474.0,High School/GED/Some College,Pass,1.0,1.0,0.0,0.0,0.0
2.47,1.0,74.0,0,140.0,593.0,High School/GED/Some College,Pass,1.0,1.0,0.0,0.0,0.0
3.43,1.0,82.0,0,47.0,467.0,High School/GED/Some College,Pass,1.0,1.0,0.0,0.0,0.0
2.67,1.0,76.7,0,150.0,593.0,High School/GED/Some College,Fail,0.0,1.0,0.0,0.0,0.0
3.84,1.0,88.0,0,170.0,467.0,High School/GED/Some College,Pass,1.0,1.0,0.0,0.0,0.0
3.86,1.0,90.0,0,105.0,600.0,Bachelors,Pass,1.0,0.0,0.0,1.0,0.0
2.84,1.0,87.3,0,80.0,467.0,High School/GED/Some College,Fail,0.0,1.0,0.0,0.0,0.0
3.53,1.0,85.3,1,172.0,467.0,High School/GED/Some College,Pass,1.0,1.0,0.0,0.0,0.0
3.38,1.0,76.0,0,152.0,593.0,High School/GED/Some College,Pass,1.0,1.0,0.0,0.0,0.0
4.0,1.0,90.0,0,54.0,467.0,High School/GED/Some College,Pass,1.0,1.0,0.0,0.0,0.0
3.29,1.0,81.3,0,136.0,474.0,High School/GED/Some College,Fail,0.0,1.0,0.0,0.0,0.0
4.0,1.0,93.3,0,52.0,467.0,High School/GED/Some College,Pass,1.0,1.0,0.0,0.0,0.0
2.78,1.0,68.0,0,82.53,481.0,High School/GED/Some College,Fail,0.0,1.0,0.0,0.0,0.0
3.29,1.0,80.7,0,116.0,719.0,Associates,Fail,0.0,0.0,1.0,0.0,0.0
2.64,1.0,68.7,0,129.0,593.0,High School/GED/Some College,Fail,0.0,1.0,0.0,0.0,0.0
3.51,1.0,88.0,0,47.0,467.0,High School/GED/Some College,Pass,1.0,1.0,0.0,0.0,0.0
3.38,1.0,78.0,0,116.0,474.0,High School/GED/Some College,Pass,1.0,1.0,0.0,0.0,0.0
2.79,1.0,70.7,0,126.0,593.0,High School/GED/Some College,Pass,1.0,1.0,0.0,0.0,0.0
3.05,2.0,70.7,0,59.0,600.0,High School/GED/Some College,Fail,0.0,1.0,0.0,0.0,0.0
2.91,1.0,71.3,0,107.0,593.0,High School/GED/Some College,Pass,1.0,1.0,0.0,0.0,0.0
2.98,1.0,71.3,0,152.0,593.0,High School/GED/Some College,Fail,0.0,1.0,0.0,0.0,0.0
2.98,1.0,77.3,0,41.0,474.0,High School/GED/Some College,Pass,1.0,1.0,0.0,0.0,0.0
3.43,1.0,75.3,0,84.0,474.0,High School/GED/Some College,Pass,1.0,1.0,0.0,0.0,0.0
3.29,1.0,76.0,0,35.0,467.0,High School/GED/Some College,Pass,1.0,1.0,0.0,0.0,0.0
2.76,3.0,64.7,1,105.0,593.0,High School/GED/Some College,Fail,0.0,1.0,0.0,0.0,0.0
3.4,2.0,65.3,0,103.0,600.0,Associates,Pass,1.0,0.0,1.0,0.0,0.0
2.66,1.0,69.3,0,73.0,474.0,High School/GED/Some College,Fail,0.0,1.0,0.0,0.0,0.0
3.6,1.0,76.0,0,87.0,474.0,High School/GED/Some College,Pass,1.0,1.0,0.0,0.0,0.0
3.43,2.0,78.0,0,77.0,474.0,High School/GED/Some College,Pass,1.0,1.0,0.0,0.0,0.0
3.86,1.0,76.0,0,79.0,600.0,Bachelors,Pass,1.0,0.0,0.0,1.0,0.0
3.09,4.0,73.3,0,77.0,593.0,High School/GED/Some College,Pass,1.0,1.0,0.0,0.0,0.0
2.78,1.0,70.0,0,124.0,593.0,High School/GED/Some College,Pass,1.0,1.0,0.0,0.0,0.0
3.91,1.0,90.7,0,77.0,474.0,High School/GED/Some College,Pass,1.0,1.0,0.0,0.0,0.0
3.12,1.0,74.7,0,88.0,474.0,High School/GED/Some College,Fail,0.0,1.0,0.0,0.0,0.0
3.52,2.0,75.3,0,75.0,600.0,Associates,Pass,1.0,0.0,1.0,0.0,0.0
3.92,1.0,92.7,0,75.0,474.0,High School/GED/Some College,Pass,1.0,1.0,0.0,0.0,0.0
2.83,1.0,68.7,1,80.0,719.0,High School/GED/Some College,Pass,1.0,1.0,0.0,0.0,0.0
3.5,1.0,74.7,0,132.0,474.0,Masters,Fail,0.0,0.0,0.0,0.0,1.0
4.0,1.0,82.7,0,56.0,474.0,High School/GED/Some College,Pass,1.0,1.0,0.0,0.0,0.0
3.21,1.0,72.3,1,93.0,474.0,High School/GED/Some College,Pass,1.0,1.0,0.0,0.0,0.0
2.74,1.0,79.3,0,111.0,474.0,High School/GED/Some College,Pass,1.0,1.0,0.0,0.0,0.0
3.69,1.0,69.3,0,58.0,600.0,Associates,Pass,1.0,0.0,1.0,0.0,0.0
2.86,4.0,79.3,1,75.52,600.0,High School/GED/Some College,Fail,0.0,1.0,0.0,0.0,0.0
3.19,1.0,74.0,0,96.0,474.0,High School/GED/Some College,Pass,1.0,1.0,0.0,0.0,0.0
3.34,1.0,80.0,0,137.0,474.0,High School/GED/Some College,Pass,1.0,1.0,0.0,0.0,0.0
2.67,1.0,76.7,0,79.0,474.0,High School/GED/Some College,Pass,1.0,1.0,0.0,0.0,0.0
2.68,2.0,69.3,0,151.0,474.0,High School/GED/Some College,Fail,0.0,1.0,0.0,0.0,0.0
3.66,1.0,89.3,0,80.35,481.0,Bachelors,Pass,1.0,0.0,0.0,1.0,0.0
2.79,2.0,65.3,0,48.0,600.0,Associates,Pass,1.0,0.0,1.0,0.0,0.0
3.34,2.0,69.3,0,52.32,481.0,High School/GED/Some College,Pass,1.0,1.0,0.0,0.0,0.0
2.95,1.0,72.0,0,84.0,474.0,High School/GED/Some College,Pass,1.0,1.0,0.0,0.0,0.0
3.83,1.0,90.0,0,67.0,474.0,High School/GED/Some College,Pass,1.0,1.0,0.0,0.0,0.0
2.76,1.0,68.0,1,55.0,600.0,High School/GED/Some College,Fail,0.0,1.0,0.0,0.0,0.0
2.95,1.0,77.3,0,91.0,474.0,High School/GED/Some College,Pass,1.0,1.0,0.0,0.0,0.0
2.55,2.0,67.3,0,156.0,474.0,High School/GED/Some College,Pass,1.0,1.0,0.0,0.0,0.0
2.86,1.0,69.3,0,95.0,600.0,Bachelors,Pass,1.0,0.0,0.0,1.0,0.0
3.34,1.0,75.3,0,136.0,474.0,High School/GED/Some College,Pass,1.0,1.0,0.0,0.0,0.0
3.67,1.0,76.0,0,65.0,481.0,Bachelors,Pass,1.0,0.0,0.0,1.0,0.0
3.19,1.0,83.3,0,102.0,474.0,High School/GED/Some College,Pass,1.0,1.0,0.0,0.0,0.0
3.62,1.0,71.3,0,27.0,600.0,Bachelors,Fail,0.0,0.0,0.0,1.0,0.0
3.19,1.0,83.3,0,60.33,600.0,Bachelors,Pass,1.0,0.0,0.0,1.0,0.0
3.43,1.0,82.7,0,101.0,474.0,High School/GED/Some College,Pass,1.0,1.0,0.0,0.0,0.0
3.91,2.0,85.3,0,95.0,600.0,Associates,Pass,1.0,0.0,1.0,0.0,0.0
4.0,1.0,95.3,0,67.0,474.0,High School/GED/Some College,Pass,1.0,1.0,0.0,0.0,0.0
2.91,1.0,70.0,0,104.08,481.0,Associates,Fail,0.0,0.0,1.0,0.0,0.0
3.62,1.0,84.7,0,38.56,481.0,High School/GED/Some College,Pass,1.0,1.0,0.0,0.0,0.0
3.24,1.0,66.0,0,91.0,474.0,High School/GED/Some College,Pass,1.0,1.0,0.0,0.0,0.0
3.52,1.0,78.7,0,37.0,474.0,High School/GED/Some College,Pass,1.0,1.0,0.0,0.0,0.0
3.24,1.0,70.7,0,44.0,600.0,Associates,Pass,1.0,0.0,1.0,0.0,0.0
3.07,1.0,67.3,0,173.0,474.0,High School/GED/Some College,Pass,1.0,1.0,0.0,0.0,0.0
3.91,1.0,89.3,0,88.0,474.0,Masters,Pass,1.0,0.0,0.0,0.0,1.0
2.84,1.0,78.7,0,83.0,481.0,High School/GED/Some College,Pass,1.0,1.0,0.0,0.0,0.0
2.6,1.0,70.0,0,75.0,600.0,Bachelors,Fail,0.0,0.0,0.0,1.0,0.0
3.12,1.0,78.7,0,88.0,481.0,High School/GED/Some College,Fail,0.0,1.0,0.0,0.0,0.0
3.69,1.0,75.3,0,91.0,474.0,Associates,Pass,1.0,0.0,1.0,0.0,0.0
2.9,1.0,79.3,0,137.0,474.0,High School/GED/Some College,Pass,1.0,1.0,0.0,0.0,0.0
3.38,1.0,77.3,0,101.0,474.0,High School/GED/Some College,Pass,1.0,1.0,0.0,0.0,0.0
2.53,1.0,66.0,0,76.0,474.0,High School/GED/Some College,Pass,1.0,1.0,0.0,0.0,0.0
3.02,3.0,68.0,0,80.0,474.0,High School/GED/Some College,Pass,1.0,1.0,0.0,0.0,0.0
3.16,1.0,76.0,0,72.0,474.0,High School/GED/Some College,Pass,1.0,1.0,0.0,0.0,0.0
3.53,1.0,70.7,0,114.0,474.0,High School/GED/Some College,Pass,1.0,1.0,0.0,0.0,0.0
3.33,1.0,76.7,0,98.53,600.0,High School/GED/Some College,Pass,1.0,1.0,0.0,0.0,0.0
3.29,1.0,78.7,0,152.0,474.0,High School/GED/Some College,Pass,1.0,1.0,0.0,0.0,0.0
2.69,1.0,74.7,0,96.0,600.0,High School/GED/Some College,Fail,0.0,1.0,0.0,0.0,0.0
3.3,1.0,78.7,0,82.0,474.0,High School/GED/Some College,Pass,1.0,1.0,0.0,0.0,0.0
2.93,1.0,78.0,0,118.0,474.0,Associates,Pass,1.0,0.0,1.0,0.0,0.0
3.61,1.0,80.0,0,82.0,474.0,High School/GED/Some College,Pass,1.0,1.0,0.0,0.0,0.0
3.02,2.0,70.7,0,101.33,481.0,High School/GED/Some College,Pass,1.0,1.0,0.0,0.0,0.0
3.22,2.0,79.3,0,89.0,474.0,High School/GED/Some College,Fail,0.0,1.0,0.0,0.0,0.0
3.48,1.0,83.3,0,46.0,600.0,High School/GED/Some College,Pass,1.0,1.0,0.0,0.0,0.0
2.95,1.0,80.7,0,95.0,481.0,Associates,Fail,0.0,0.0,1.0,0.0,0.0
4.0,1.0,88.0,0,37.0,600.0,Bachelors,Pass,1.0,0.0,0.0,1.0,0.0
2.95,1.0,73.3,0,75.0,481.0,Associates,Pass,1.0,0.0,1.0,0.0,0.0
3.18,1.0,68.7,0,88.33,481.0,High School/GED/Some College,Fail,0.0,1.0,0.0,0.0,0.0
3.92,1.0,90.7,0,63.0,474.0,High School/GED/Some College,Pass,1.0,1.0,0.0,0.0,0.0
3.12,1.0,78.7,0,62.0,600.0,High School/GED/Some College,Fail,0.0,1.0,0.0,0.0,0.0
3.28,1.0,86.0,0,84.0,474.0,High School/GED/Some College,Pass,1.0,1.0,0.0,0.0,0.0
2.93,1.0,88.7,0,48.0,481.0,High School/GED/Some College,Pass,1.0,1.0,0.0,0.0,0.0
3.4,1.0,58.0,0,37.0,481.0,High School/GED/Some College,Pass,1.0,1.0,0.0,0.0,0.0
3.26,1.0,71.3,0,80.0,474.0,High School/GED/Some College,Pass,1.0,1.0,0.0,0.0,0.0
3.52,2.0,74.0,0,88.0,481.0,High School/GED/Some College,Pass,1.0,1.0,0.0,0.0,0.0
3.28,2.0,75.3,0,88.54,481.0,High School/GED/Some College,Pass,1.0,1.0,0.0,0.0,0.0
3.25,2.0,70.0,0,53.0,481.0,Associates,Pass,1.0,0.0,1.0,0.0,0.0
2.85,1.0,77.3,0,82.0,600.0,Bachelors,Pass,1.0,0.0,0.0,1.0,0.0
2.97,2.0,74.7,0,79.0,481.0,Associates,Fail,0.0,0.0,1.0,0.0,0.0
3.1,3.0,76.7,0,79.0,481.0,High School/GED/Some College,Pass,1.0,1.0,0.0,0.0,0.0
3.25,1.0,83.3,0,76.0,481.0,Associates,Pass,1.0,0.0,1.0,0.0,0.0
3.19,1.0,77.3,0,42.46,481.0,High School/GED/Some College,Pass,1.0,1.0,0.0,0.0,0.0
3.52,1.0,72.0,0,82.0,481.0,Associates,Pass,1.0,0.0,1.0,0.0,0.0
3.54,2.0,70.7,0,97.0,481.0,High School/GED/Some College,Pass,1.0,1.0,0.0,0.0,0.0
3.95,1.0,86.0,0,101.53,481.0,Bachelors,Pass,1.0,0.0,0.0,1.0,0.0
3.64,1.0,77.3,0,27.0,481.0,Bachelors,Pass,1.0,0.0,0.0,1.0,0.0
3.43,1.0,78.0,0,80.0,481.0,Bachelors,Pass,1.0,0.0,0.0,1.0,0.0
3.43,1.0,88.0,0,72.0,481.0,Bachelors,Pass,1.0,0.0,0.0,1.0,0.0
3.78,1.0,80.7,0,28.0,481.0,Bachelors,Pass,1.0,0.0,0.0,1.0,0.0
